Recency,Frequency,Monetary,Cluster
325,12,400.94,0
1,8,4426.775,1
74,5,779.73,0
18,4,3347.99,1
309,1,301.9,0
374,1,295.68,0
35,10,1739.49,0
203,2,392.06,0
231,1,992.35,0
213,2,786.16,0
22,6,4426.775,1
32,3,4426.775,1
1,5,2922.9100000000003,1
57,10,4426.775,1
51,8,3490.8,1
286,4,481.25,0
2,11,4426.775,1
109,2,544.35,0
7,4,1194.84,0
290,2,322.94,0
633,1,136.89,0
3,1,151.47,0
627,1,761.5,0
412,3,1446.21,0
50,7,3645.35,1
44,5,3431.88,1
71,3,1191.99,0
310,3,953.6,0
24,4,2556.82,1
10,2,384.46000000000004,0
389,2,293.0,0
314,4,3148.57,1
129,2,4426.775,1
81,4,1522.47,0
21,11,4426.775,1
4,5,1496.01,0
184,5,1586.42,0
28,2,428.82,0
378,1,1707.85,0
337,2,507.54,0
414,1,125.03999999999999,0
15,8,3754.1000000000004,1
402,3,1339.18,0
79,1,492.79,0
21,6,2339.11,1
590,1,226.95000000000002,0
71,6,2291.7,1
63,2,690.31,0
18,15,4123.82,1
673,1,921.08,0
35,2,2138.09,0
45,1,1460.83,0
118,7,1652.73,0
413,1,205.25,0
302,1,62.85,0
322,6,1191.65,0
49,2,597.5600000000001,0
681,1,7.5,0
148,1,1384.8000000000002,0
21,5,4426.775,1
49,5,1395.57,0
32,8,3536.47,1
78,7,4426.775,1
308,3,782.61,0
409,1,330.4,0
74,6,2393.84,1
66,4,862.15,0
216,6,531.84,0
23,16,4426.775,1
656,1,202.56,0
2,16,4426.775,1
112,4,1963.57,0
385,2,379.31,0
63,1,536.57,0
15,6,910.8100000000001,0
95,16,3010.88,1
0,10,2421.84,1
162,4,2658.17,1
77,2,1637.47,0
194,2,1247.26,0
21,3,941.59,0
25,9,4426.775,1
8,8,4426.775,1
42,1,206.1,0
35,16,4426.775,1
42,5,3492.21,1
0,10,4426.775,1
84,3,1081.98,0
79,6,4426.775,1
99,1,444.01000000000005,0
1,16,4426.775,1
13,2,2458.09,1
682,2,1138.58,0
461,2,747.4,0
366,1,326.1,0
2,1,151.56,0
731,1,352.86,0
20,5,3695.06,1
21,2,393.98,0
57,1,921.86,0
242,1,447.28999999999996,0
43,1,328.95,0
21,6,3994.95,1
155,5,654.25,0
10,8,4426.775,1
16,2,362.67,0
133,1,707.09,0
55,5,3450.2799999999997,1
72,10,4426.775,1
43,3,2470.36,1
65,8,2139.15,0
70,4,1511.49,0
604,1,392.19,0
455,1,296.95,0
93,2,651.58,0
18,2,933.86,0
52,4,1245.38,0
9,8,691.5,0
16,2,689.44,0
681,1,7.5,0
422,1,132.8,0
187,5,3083.69,1
522,2,1425.19,0
689,1,198.25,0
1,16,4426.775,1
31,16,4426.775,1
28,5,2599.05,1
16,16,4426.775,1
53,2,1069.17,0
15,16,4426.775,1
22,9,4426.775,1
3,1,562.09,0
10,1,486.35,0
27,7,4373.39,1
22,15,4426.775,1
575,16,4426.775,1
16,16,3896.8,1
32,12,4426.775,1
528,1,692.97,0
431,1,883.14,0
730,1,108.0,0
9,3,1154.21,0
335,1,281.43,0
4,16,4426.775,1
38,1,405.8,0
62,3,640.86,0
165,2,385.32,0
15,9,1657.18,0
640,1,288.4,0
619,2,54.09,0
81,3,2017.5600000000002,0
20,3,372.20000000000005,0
559,1,356.05,0
22,16,3079.2,1
336,1,2040.63,0
95,5,2779.27,1
583,1,50.7,0
17,4,563.55,0
408,1,778.8,0
232,1,72.6,0
133,4,1060.84,0
25,2,398.27,0
283,1,162.0,0
142,9,3060.56,1
428,1,2894.78,1
65,2,137.57999999999998,0
112,1,565.04,0
266,2,1527.88,0
352,1,273.3,0
77,4,1951.95,0
27,5,2385.59,1
0,5,1915.09,0
63,2,663.05,0
78,5,2376.56,1
142,1,559.03,0
38,2,168.8,0
18,16,3980.2,1
8,16,4426.775,1
497,3,903.1800000000001,0
0,3,1209.46,0
81,5,656.51,0
8,6,1624.13,0
527,1,310.68,0
59,9,3007.07,1
14,2,1790.8,0
29,1,327.33000000000004,0
627,2,1250.89,0
130,1,986.23,0
91,2,697.85,0
42,3,4088.55,1
408,1,632.99,0
28,2,599.85,0
21,7,4426.775,1
19,16,4426.775,1
29,3,856.83,0
483,2,449.79,0
447,1,768.64,0
35,1,329.9,0
74,2,851.8299999999999,0
46,2,1040.32,0
197,3,322.08,0
165,1,74.69999999999999,0
575,6,1107.26,0
78,1,853.88,0
357,1,168.0,0
38,2,300.47,0
7,12,4133.59,1
448,1,400.1,0
681,1,7.5,0
49,2,585.31,0
15,8,3403.62,1
7,1,251.24,0
310,2,482.76,0
4,3,1971.6100000000001,0
302,1,237.05,0
7,9,4190.97,1
408,1,228.74,0
260,1,396.15,0
288,1,145.92,0
85,1,300.16,0
22,15,4426.775,1
644,1,53.2,0
1,16,3468.16,1
681,1,7.5,0
39,2,512.05,0
8,2,877.52,0
226,5,695.52,0
315,1,192.55,0
456,2,576.42,0
35,8,2021.5,0
34,8,1594.93,0
20,4,3868.94,1
77,1,396.62,0
246,2,999.77,0
39,1,184.76,0
238,4,1708.04,0
2,16,4426.775,1
3,9,2000.6000000000001,0
233,2,1691.15,0
16,4,1875.52,0
7,1,111.5,0
38,4,697.23,0
28,8,3270.41,1
210,2,4426.775,1
316,3,1150.85,0
91,5,1561.6399999999999,0
108,3,397.09999999999997,0
37,15,4426.775,1
504,1,260.13,0
50,2,423.9,0
18,4,3127.3,1
9,11,4067.89,1
28,13,2016.55,0
28,16,4426.775,1
189,6,556.01,0
58,1,144.22,0
21,1,255.0,0
78,2,243.68,0
375,4,1169.5,0
681,1,7.5,0
59,1,1560.31,0
404,1,258.23,0
77,9,3106.43,1
22,5,1727.1399999999999,0
51,1,1048.96,0
73,1,679.5300000000001,0
56,10,4426.775,1
277,1,300.65,0
1,8,4426.775,1
94,3,1027.9,0
28,1,350.63,0
21,1,143.91,0
15,10,1783.47,0
14,3,1257.94,0
1,16,4426.775,1
231,1,153.85,0
275,7,3438.05,1
105,2,590.28,0
211,4,4426.775,1
22,9,4426.775,1
10,7,4166.31,1
3,3,736.71,0
385,2,1025.42,0
9,2,1040.08,0
56,6,3281.67,1
520,2,726.52,0
58,7,4426.775,1
535,2,367.5,0
89,4,2696.56,1
738,1,7.5,0
66,12,4426.775,1
32,2,692.89,0
238,3,1093.82,0
23,3,969.53,0
114,1,151.4,0
24,3,889.45,0
127,12,2298.44,1
129,4,1862.18,0
33,8,3288.2,1
4,2,1139.8700000000001,0
21,16,4426.775,1
154,4,1030.6,0
106,8,2006.2,0
2,1,272.44,0
334,4,377.75,0
330,2,925.03,0
148,3,3515.9,1
10,5,551.83,0
423,1,241.70000000000002,0
16,8,4426.775,1
10,4,1122.56,0
18,1,640.4,0
29,1,63.63,0
10,1,228.75,0
435,1,162.0,0
0,16,4426.775,1
624,2,158.4,0
7,11,3003.69,1
324,3,282.1,0
393,1,1182.6200000000001,0
57,1,485.23,0
11,10,4426.775,1
150,3,1490.59,0
9,7,3343.18,1
605,1,2002.021,0
329,2,416.0,0
4,3,1148.64,0
38,4,1660.52,0
553,2,825.2,0
24,11,2300.81,1
554,2,369.6,0
41,16,4426.775,1
58,4,860.72,0
0,4,815.0,0
14,16,4426.775,1
3,16,4426.775,1
3,16,4426.775,1
7,7,1951.26,0
27,6,2665.41,1
371,1,157.28,0
480,2,1825.64,0
113,1,3909.65,1
25,2,1155.21,0
205,1,332.61,0
27,7,964.4,0
636,1,110.5,0
126,7,1486.6200000000001,0
69,3,1541.6,0
6,7,1318.66,0
434,2,753.51,0
28,3,769.29,0
589,1,285.95,0
417,1,569.76,0
7,4,4426.775,1
79,6,2286.33,1
19,1,208.5,0
70,4,937.0,0
6,8,1609.95,0
14,14,4426.775,1
291,1,552.52,0
29,16,4426.775,1
14,16,4426.775,1
96,3,1054.87,0
611,2,1219.35,0
28,16,4426.775,1
0,1,790.35,0
8,12,4426.775,1
105,1,288.86,0
3,2,990.67,0
150,3,1061.96,0
70,1,212.35,0
4,2,581.0500000000001,0
2,16,4426.775,1
31,8,3645.07,1
84,4,914.95,0
3,5,658.36,0
4,7,2115.13,0
370,4,2138.39,0
27,11,3148.59,1
10,10,4426.775,1
70,5,932.37,0
113,1,420.71000000000004,0
521,1,733.4,0
23,16,4426.775,1
179,1,219.51000000000002,0
233,4,2231.07,1
352,3,496.65,0
314,2,652.5699999999999,0
332,1,142.44,0
498,2,15.0,0
371,1,280.8,0
77,4,1859.47,0
63,1,412.75,0
528,2,243.57,0
625,1,1091.9,0
133,2,515.23,0
51,11,4426.775,1
486,3,622.35,0
540,1,253.65,0
1,16,4426.775,1
0,16,4426.775,1
3,9,4426.775,1
128,1,259.98,0
444,1,268.27,0
80,1,2715.29,1
22,6,4426.775,1
235,3,311.64,0
280,11,1303.81,0
86,1,73.83,0
15,13,4000.76,1
116,7,4426.775,1
51,8,4426.775,1
455,1,332.8,0
457,2,679.95,0
7,2,1458.35,0
137,2,718.46,0
316,1,1432.88,0
471,6,1253.1299999999999,0
3,9,4426.775,1
375,1,891.0500000000001,0
450,1,160.71,0
238,1,1079.4,0
210,2,1765.11,0
485,1,229.5,0
59,1,750.3199999999999,0
563,1,75.94999999999999,0
535,1,91.2,0
16,7,1539.38,0
667,1,35.0,0
457,1,441.72,0
19,9,1534.1299999999999,0
37,14,4426.775,1
598,1,302.46,0
63,2,719.76,0
4,11,4002.58,1
1,6,1349.13,0
8,3,1582.65,0
363,3,883.2,0
609,1,646.0,0
9,4,822.9399999999999,0
462,4,414.9,0
64,3,193.5,0
191,2,515.25,0
373,6,587.53,0
256,2,726.51,0
334,3,871.08,0
52,2,844.26,0
18,1,302.13,0
627,1,330.9,0
365,2,709.0600000000001,0
9,4,420.14,0
528,1,209.9,0
469,3,522.75,0
500,1,814.73,0
186,7,2165.27,0
392,1,996.96,0
465,2,319.21999999999997,0
381,4,1273.75,0
434,4,1568.61,0
382,1,244.1,0
36,5,860.65,0
177,3,1386.44,0
534,2,508.74,0
260,5,921.65,0
44,1,229.64000000000001,0
501,3,1287.35,0
101,1,55.83,0
147,2,853.11,0
95,2,423.40000000000003,0
280,3,593.48,0
261,1,527.94,0
457,1,446.04,0
2,11,2581.52,1
213,2,218.8,0
70,2,880.08,0
74,16,3323.7,1
59,1,391.42,0
520,2,417.78,0
2,12,2861.76,1
5,3,430.15000000000003,0
2,6,999.46,0
336,3,189.51,0
37,6,1114.5600000000002,0
261,3,405.09,0
31,2,381.53,0
144,1,389.53000000000003,0
282,1,306.08000000000004,0
427,16,4426.775,1
58,15,4426.775,1
172,2,604.21,0
33,10,3091.05,1
2,16,4426.775,1
143,7,3886.23,1
4,16,4426.775,1
69,4,1430.69,0
65,16,4426.775,1
28,4,633.02,0
266,4,165.64000000000001,0
681,1,7.5,0
21,2,1440.24,0
675,1,199.3,0
30,6,2735.64,1
445,1,89.1,0
96,2,256.48,0
294,1,294.15000000000003,0
134,11,3454.05,1
78,7,2792.7000000000003,1
372,4,460.19,0
7,6,2112.13,0
210,6,3261.5,1
382,1,162.76999999999998,0
458,1,560.55,0
692,1,49.22,0
619,1,62.099999999999994,0
425,2,935.99,0
51,6,2072.03,0
137,2,90.25999999999999,0
25,4,3151.73,1
282,3,1119.02,0
25,13,4426.775,1
185,8,2226.31,1
681,1,314.41999999999996,0
374,3,1428.51,0
83,3,467.66999999999996,0
326,12,3572.89,1
281,3,1706.26,0
384,2,861.98,0
142,5,81.27,0
57,4,3308.27,1
3,16,2923.71,1
235,2,854.09,0
44,3,374.02,0
381,2,622.28,0
275,1,106.5,0
8,2,1334.25,0
24,4,655.37,0
87,1,152.25,0
62,3,1112.22,0
67,2,1307.97,0
383,1,209.70000000000002,0
213,2,307.92,0
380,4,366.06,0
23,2,697.71,0
185,11,113.94000000000001,0
396,1,260.03000000000003,0
30,1,188.14,0
574,1,133.95,0
41,2,357.55,0
204,4,453.90000000000003,0
463,2,182.94,0
413,1,307.35,0
421,1,320.58,0
8,16,3007.62,1
264,1,117.78,0
428,1,826.08,0
17,2,454.48,0
576,2,922.3100000000001,0
11,5,1952.85,0
395,2,463.71000000000004,0
175,5,79.92,0
39,8,2354.57,1
22,13,4426.775,1
551,1,1513.66,0
2,5,1337.04,0
4,13,3860.95,1
400,1,120.47999999999999,0
148,4,1060.2,0
138,7,4027.7,1
127,6,2540.25,1
625,1,7.5,0
7,6,1259.44,0
16,4,463.6,0
8,16,4426.775,1
160,1,398.36,0
63,3,721.67,0
87,12,1588.21,0
4,3,704.8299999999999,0
410,4,1516.71,0
394,1,187.85999999999999,0
34,12,4012.26,1
311,1,100.95,0
77,2,408.45,0
21,16,4426.775,1
538,8,1465.3700000000001,0
23,8,1586.32,0
736,1,99.03,0
1,15,4110.65,1
16,4,1014.5,0
14,9,2943.5099999999998,1
25,1,108.05,0
63,16,4426.775,1
54,2,812.1,0
723,1,348.24,0
130,3,859.85,0
557,2,389.05,0
35,2,579.81,0
287,2,843.5600000000001,0
436,1,316.3,0
143,6,1709.06,0
15,9,2239.58,1
30,16,4426.775,1
1,3,764.26,0
8,15,3169.57,1
5,4,1294.78,0
9,2,763.71,0
638,1,151.95,0
0,11,4183.48,1
305,4,504.90000000000003,0
9,13,4426.775,1
399,2,504.39,0
483,1,117.0,0
413,4,1198.78,0
378,1,205.9,0
6,2,255.89000000000001,0
7,12,3513.96,1
436,1,129.99,0
88,1,740.21,0
9,1,155.18,0
357,3,3009.82,1
111,1,133.5,0
602,1,117.2,0
6,10,1443.29,0
3,16,4426.775,1
413,4,1058.94,0
413,1,100.05000000000001,0
197,2,390.8,0
436,6,1953.0,0
211,8,2720.72,1
155,4,369.03000000000003,0
384,5,2461.58,1
728,1,411.84000000000003,0
157,16,4426.775,1
29,2,372.21999999999997,0
242,8,2652.96,1
597,1,423.42,0
18,1,97.5,0
0,2,1123.58,0
428,10,2349.84,1
73,5,1170.41,0
291,1,488.17,0
2,16,4426.775,1
30,7,920.4,0
22,3,693.1700000000001,0
724,1,93.35000000000001,0
22,8,1236.19,0
3,3,932.52,0
84,1,158.49,0
375,1,310.65,0
21,8,1981.6000000000001,0
492,3,777.0500000000001,0
195,3,383.88,0
106,4,962.11,0
3,16,4426.775,1
317,3,409.68,0
105,3,122.80000000000001,0
11,16,4426.775,1
173,4,907.83,0
55,1,64.02,0
579,1,153.6,0
322,3,584.0799999999999,0
672,1,210.6,0
373,2,299.37,0
371,1,101.10000000000001,0
8,11,2888.0,1
0,16,4426.775,1
10,11,4426.775,1
52,11,4426.775,1
72,3,746.84,0
6,1,114.75,0
15,16,4426.775,1
378,6,1215.8500000000001,0
562,2,614.96,0
3,16,4426.775,1
429,1,57.8,0
63,3,1216.03,0
470,2,518.52,0
731,1,259.58000000000004,0
0,9,1279.96,0
113,16,935.2800000000001,0
22,2,631.8,0
30,5,805.0,0
10,2,1107.3700000000001,0
406,5,3294.3,1
51,9,2592.6,1
356,2,220.55,0
54,3,912.33,0
73,3,1117.1100000000001,0
684,1,210.0,0
137,12,3780.02,1
79,3,906.46,0
583,4,934.03,0
8,2,676.99,0
450,4,781.58,0
597,3,1487.64,0
272,1,332.33,0
290,11,4378.52,1
98,3,802.67,0
30,3,847.75,0
31,16,4426.775,1
13,9,3993.9700000000003,1
63,4,1045.14,0
14,16,4426.775,1
578,2,110.55,0
211,7,3040.52,1
621,1,123.65,0
77,4,2255.59,1
550,1,182.67,0
529,3,583.63,0
24,3,268.95000000000005,0
249,10,2118.65,0
253,1,303.93,0
71,1,245.31,0
190,1,243.87,0
480,1,188.4,0
12,6,1481.98,0
372,5,1211.46,0
23,2,432.75,0
81,3,493.11,0
9,2,92.88,0
0,16,4426.775,1
191,4,745.85,0
611,1,108.22,0
266,1,177.15,0
410,2,383.93,0
510,4,744.84,0
129,1,798.24,0
457,1,135.4,0
0,11,2975.56,1
2,16,4426.775,1
3,6,419.18,0
178,4,275.83,0
11,16,4426.775,1
125,16,3214.12,1
3,3,344.28,0
491,1,45.9,0
157,8,2337.48,1
382,1,434.53000000000003,0
725,1,285.54,0
416,1,216.76,0
2,16,4426.775,1
8,16,4426.775,1
27,3,903.0,0
70,12,2003.43,0
275,16,4426.775,1
20,13,1063.89,0
70,1,68.31,0
393,1,45.0,0
32,16,4426.775,1
0,16,4426.775,1
98,1,19.439999999999998,0
233,4,638.74,0
0,16,4426.775,1
39,3,697.64,0
2,9,1309.2,0
435,1,19.439999999999998,0
132,2,315.02,0
43,9,4264.12,1
372,2,918.67,0
59,3,1115.91,0
30,12,2743.2200000000003,1
718,1,317.47,0
540,1,20.6,0
0,16,4426.775,1
730,1,216.43,0
11,10,4426.775,1
137,1,448.79,0
21,16,2530.11,1
19,9,2295.08,1
668,1,134.9,0
238,1,30.599999999999998,0
268,1,279.2,0
93,2,894.66,0
472,2,494.5,0
89,4,4373.74,1
523,1,141.18,0
4,13,3854.11,1
77,1,259.17,0
630,1,202.5,0
451,2,194.97,0
93,1,64.0,0
22,7,3103.12,1
261,1,75.3,0
273,3,182.60000000000002,0
85,6,2274.07,1
196,2,272.94,0
55,13,4426.775,1
10,16,4426.775,1
21,7,1459.29,0
15,8,4426.775,1
107,5,1117.68,0
84,16,4426.775,1
18,1,272.44,0
584,1,401.1,0
332,2,109.1,0
39,7,641.07,0
25,1,228.91,0
9,4,504.90000000000003,0
28,16,4426.775,1
13,4,1535.43,0
483,3,248.24,0
295,3,2303.59,1
416,7,2051.13,0
5,1,332.43,0
398,3,1521.34,0
32,6,1707.58,0
384,3,1511.56,0
48,9,4426.775,1
94,5,1506.29,0
8,4,1399.96,0
21,1,90.89999999999999,0
312,2,453.68,0
121,16,4426.775,1
609,1,17.65,0
568,2,264.1,0
45,3,877.73,0
282,2,815.1,0
18,5,989.95,0
35,5,1809.56,0
63,3,689.26,0
26,1,114.3,0
21,3,366.51,0
399,1,39.15,0
3,11,2471.51,1
15,12,4426.775,1
581,2,738.15,0
45,1,430.35,0
64,2,512.2,0
25,16,4426.775,1
618,1,572.3100000000001,0
606,1,85.2,0
380,1,359.69,0
44,1,121.18,0
7,15,4426.775,1
14,10,1620.18,0
267,1,71.4,0
39,3,1555.73,0
336,4,352.51,0
10,1,107.10000000000001,0
18,2,224.25,0
543,3,369.42,0
657,1,163.69,0
94,6,2483.1,1
60,1,108.42999999999999,0
135,2,372.46,0
413,1,169.93,0
10,7,2935.7400000000002,1
609,1,308.11,0
9,8,4426.775,1
3,16,4426.775,1
18,4,782.59,0
501,4,1186.68,0
393,7,1454.75,0
9,10,2559.95,1
730,1,911.96,0
442,1,202.5,0
399,13,4426.775,1
14,4,535.86,0
58,9,1902.45,0
29,13,4426.775,1
93,1,327.02,0
9,10,2016.23,0
19,3,708.73,0
56,11,3380.65,1
417,7,3174.28,1
401,1,22.95,0
267,1,149.28,0
121,4,245.34,0
126,1,62.42999999999999,0
617,1,76.23,0
77,5,1226.39,0
239,2,773.21,0
576,1,79.65,0
199,6,417.33000000000004,0
59,2,1993.89,0
2,16,4426.775,1
272,2,304.76,0
201,1,257.7,0
80,1,96.66,0
225,1,153.15,0
3,16,4426.775,1
12,7,1235.72,0
73,4,1073.97,0
672,2,345.8,0
211,1,987.27,0
24,2,693.3100000000001,0
387,1,634.1,0
16,6,912.84,0
261,5,1474.67,0
95,8,1714.33,0
411,1,114.58,0
111,7,699.4,0
202,5,1203.59,0
92,1,117.29,0
50,2,916.87,0
17,11,2661.45,1
17,4,489.57000000000005,0
124,2,452.24,0
91,9,673.98,0
460,2,256.04,0
401,1,252.68,0
393,2,333.25,0
156,4,2122.26,0
375,1,51.410000000000004,0
8,3,649.0600000000001,0
13,1,0.0,0
435,1,111.95,0
11,5,973.5799999999999,0
61,9,1345.98,0
60,1,400.32,0
268,2,868.5,0
262,3,534.3000000000001,0
0,16,4426.775,1
442,1,702.0600000000001,0
52,5,1633.95,0
10,16,4426.775,1
2,16,4426.775,1
17,11,3046.02,1
0,16,4426.775,1
365,1,159.3,0
36,1,217.38,0
30,2,250.66000000000003,0
112,1,136.37,0
408,1,333.85,0
383,2,234.21,0
63,5,1837.3600000000001,0
15,7,500.79999999999995,0
40,4,1330.75,0
77,1,137.75,0
121,7,2121.04,0
438,1,350.22,0
17,4,1237.99,0
59,4,367.06,0
330,1,186.24,0
22,6,3289.09,1
599,1,660.86,0
602,3,766.39,0
442,5,457.26,0
723,1,280.35,0
437,1,7.5,0
155,11,3145.55,1
38,5,911.73,0
391,6,1145.69,0
189,3,1612.98,0
359,4,1089.22,0
136,6,768.18,0
7,7,3439.86,1
0,1,191.25,0
267,3,1108.5,0
168,3,1193.21,0
103,4,598.19,0
154,2,90.0,0
399,1,59.269999999999996,0
350,4,1140.35,0
3,16,3392.34,1
429,1,53.65,0
119,3,255.19,0
22,4,1548.51,0
6,6,1690.6,0
27,5,1513.1000000000001,0
3,2,528.82,0
450,1,124.75,0
21,12,3388.48,1
1,3,749.19,0
688,1,307.65000000000003,0
36,10,4426.775,1
65,16,4426.775,1
0,3,580.42,0
4,16,4426.775,1
77,6,2228.1,1
71,2,326.81,0
16,1,199.48000000000002,0
2,5,698.6,0
35,16,4426.775,1
81,1,609.0,0
431,1,271.26,0
38,16,4426.775,1
315,1,739.23,0
31,8,3471.9,1
92,6,2644.24,1
401,1,176.7,0
13,1,345.9,0
410,3,960.51,0
81,5,4426.775,1
76,1,783.13,0
545,1,1433.32,0
157,4,2072.12,0
200,1,799.42,0
44,12,4426.775,1
260,1,723.55,0
177,1,305.93,0
67,3,2038.82,0
287,1,337.20000000000005,0
462,6,250.65,0
69,1,263.21999999999997,0
63,1,233.76,0
10,1,204.82,0
15,2,802.77,0
65,1,331.44,0
59,1,353.67999999999995,0
70,1,731.5,0
121,1,643.95,0
79,1,698.59,0
256,5,3626.44,1
268,1,382.74,0
63,2,942.76,0
431,4,1422.58,0
471,2,1416.75,0
8,7,4426.775,1
17,3,1613.01,0
70,1,134.95999999999998,0
33,2,2078.87,0
49,1,10.530000000000001,0
431,1,423.6,0
256,4,1006.11,0
365,1,509.26000000000005,0
371,1,1435.16,0
504,2,2020.3600000000001,0
89,1,327.54,0
60,6,4426.775,1
414,2,372.3,0
88,2,1423.51,0
98,3,879.3100000000001,0
396,2,1361.05,0
25,3,566.36,0
432,1,62.4,0
31,12,4426.775,1
280,5,1378.33,0
543,1,28.62,0
30,11,4426.775,1
329,1,478.07,0
413,2,726.86,0
416,1,186.54,0
130,3,1077.9,0
10,3,768.16,0
74,1,462.18,0
203,1,30.0,0
676,1,91.14,0
583,4,1095.29,0
1,16,4426.775,1
184,3,1015.17,0
28,2,1272.15,0
72,10,2703.25,1
191,2,647.5,0
463,3,264.9,0
582,1,308.13,0
126,4,1511.04,0
17,3,207.75,0
0,2,252.49,0
73,6,1022.991,0
426,2,400.38,0
578,3,2059.22,0
1,16,4426.775,1
23,9,1578.04,0
106,1,211.10000000000002,0
619,1,446.65,0
639,6,247.42,0
133,6,1264.23,0
472,4,721.77,0
43,3,924.8000000000001,0
4,6,1587.34,0
11,16,4426.775,1
63,1,221.06,0
149,2,140.1,0
39,8,3853.62,1
63,1,2526.15,1
428,1,214.57999999999998,0
449,1,570.77,0
107,5,3087.81,1
0,16,4426.775,1
18,6,940.49,0
9,3,495.58000000000004,0
10,4,926.52,0
18,2,641.66,0
66,8,2815.69,1
570,2,431.75,0
500,4,600.42,0
73,5,1183.68,0
4,9,3671.28,1
1,1,166.04,0
13,7,3092.06,1
546,1,46.5,0
254,3,930.31,0
422,7,1271.8500000000001,0
91,2,652.55,0
666,3,321.74,0
448,6,1082.34,0
373,2,627.05,0
625,1,210.92999999999998,0
429,11,3453.76,1
22,3,1109.19,0
16,13,4426.775,1
23,1,291.88,0
26,13,3007.52,1
25,11,4426.775,1
258,3,45.0,0
165,3,744.89,0
640,1,219.87,0
24,6,2655.73,1
17,6,1516.72,0
688,2,148.22,0
6,16,4426.775,1
624,2,1119.04,0
28,2,183.44,0
38,6,2257.48,1
252,5,1147.45,0
57,6,2962.9900000000002,1
445,2,790.36,0
183,5,952.08,0
10,2,1036.81,0
1,16,4426.775,1
652,1,77.5,0
98,2,165.0,0
0,4,2454.18,1
463,2,592.24,0
60,8,2218.89,1
235,3,624.69,0
190,4,1339.28,0
178,5,1672.52,0
37,11,2627.71,1
468,5,2060.71,0
200,4,811.99,0
416,2,604.23,0
45,11,3762.26,1
231,2,336.09,0
65,1,140.34,0
240,3,768.87,0
232,11,2784.5,1
77,3,1095.22,0
57,5,827.12,0
16,16,4426.775,1
104,4,234.03,0
653,1,115.8,0
51,16,4426.775,1
135,3,1239.24,0
274,2,200.04,0
311,1,307.44000000000005,0
7,10,4426.775,1
10,2,623.63,0
282,6,1309.83,0
729,1,268.07,0
17,5,888.45,0
22,4,1406.46,0
287,3,2739.32,1
16,5,712.85,0
70,6,1775.89,0
63,1,282.98,0
72,4,3600.23,1
315,5,1590.81,0
2,4,2364.48,1
243,2,271.0,0
8,8,906.49,0
0,11,4373.41,1
676,1,244.31,0
260,4,689.5400000000001,0
126,3,793.34,0
73,4,749.45,0
72,6,1239.8700000000001,0
20,4,1048.72,0
59,3,2070.88,0
85,1,635.55,0
77,2,329.41,0
58,11,4426.775,1
0,3,1067.6,0
29,1,125.80000000000001,0
32,6,4256.59,1
40,5,640.22,0
14,2,211.92000000000002,0
737,2,581.45,0
33,12,4426.775,1
78,2,251.06,0
633,1,394.43,0
204,6,1643.67,0
33,1,210.31,0
182,3,269.44,0
1,16,4426.775,1
402,1,75.0,0
0,7,3072.04,1
425,2,687.2,0
42,12,2973.78,1
85,7,1484.02,0
466,3,611.34,0
426,2,637.14,0
376,16,3925.62,1
633,2,1357.26,0
39,6,803.0,0
390,2,359.06,0
11,5,1035.54,0
407,1,172.08,0
95,3,841.71,0
25,8,966.5,0
382,1,334.18,0
318,2,228.45,0
65,16,4426.775,1
674,1,494.95,0
379,7,1517.63,0
73,13,4426.775,1
428,2,194.73000000000002,0
27,13,2961.7,1
5,4,591.11,0
512,2,148.5,0
6,1,174.37,0
215,11,1745.27,0
81,8,4426.775,1
83,2,507.01,0
143,16,4426.775,1
18,3,414.65,0
40,5,1700.59,0
427,4,1058.99,0
172,1,190.0,0
16,4,870.73,0
242,1,234.14,0
12,16,4426.775,1
205,1,1127.66,0
49,6,766.2,0
410,1,399.5,0
22,5,719.5699999999999,0
9,16,4426.775,1
24,11,3425.56,1
408,1,116.37,0
14,5,1472.6000000000001,0
405,1,75.3,0
308,2,271.98,0
389,2,239.68,0
155,2,1406.5710000000001,0
306,3,358.98,0
530,3,498.53,0
540,1,127.53,0
63,4,994.98,0
15,9,2420.94,1
14,6,956.99,0
10,16,4426.775,1
64,7,1893.54,0
35,4,212.01,0
107,14,4426.775,1
52,2,512.32,0
516,3,799.92,0
5,2,679.84,0
399,2,394.82,0
46,5,755.86,0
0,16,4426.775,1
311,2,381.69,0
44,4,1159.19,0
64,4,1002.49,0
25,1,159.44,0
658,1,533.42,0
386,2,489.82,0
28,3,243.89999999999998,0
39,2,1049.3600000000001,0
540,1,234.2,0
592,1,94.65,0
11,14,2068.28,0
88,10,3219.82,1
632,1,800.89,0
452,5,1024.8,0
23,6,2091.54,0
318,8,4426.775,1
567,2,264.2,0
39,8,1182.82,0
173,1,169.93,0
544,2,216.74,0
527,1,86.09,0
116,1,210.93,0
695,1,626.24,0
30,10,2271.3,1
387,1,330.9,0
596,1,273.36,0
252,2,646.39,0
58,7,1958.78,0
675,1,308.34000000000003,0
22,16,3508.29,1
4,7,1345.32,0
99,11,1353.79,0
24,8,3533.98,1
32,16,4426.775,1
67,4,2941.66,1
36,5,883.46,0
51,3,793.75,0
15,1,112.14,0
73,2,1093.46,0
610,1,371.25,0
640,5,764.95,0
215,4,482.22,0
30,10,2047.17,0
15,4,2356.25,1
119,1,163.05,0
399,2,299.3,0
9,8,2664.06,1
399,8,1738.26,0
256,6,1596.91,0
16,10,3173.03,1
34,3,186.15,0
45,5,2536.7400000000002,1
487,1,151.3,0
42,11,4426.775,1
113,6,2151.75,0
164,4,1038.62,0
10,2,356.58,0
9,9,4426.775,1
205,12,4426.775,1
399,1,285.29,0
602,1,314.74,0
85,11,2102.86,0
178,5,1904.8600000000001,0
385,3,1609.09,0
59,5,120.64999999999999,0
148,1,295.67,0
2,16,4426.775,1
50,3,338.52,0
74,1,348.2,0
394,1,194.95,0
300,3,419.92,0
18,2,359.77,0
432,1,228.88,0
150,2,484.72,0
538,2,209.4,0
404,2,470.39,0
151,1,146.81,0
493,3,280.81,0
0,12,4426.775,1
17,4,826.0300000000001,0
186,1,49.0,0
457,1,250.95000000000002,0
285,4,582.78,0
2,7,193.99,0
182,3,409.04,0
437,1,183.87,0
634,1,290.4,0
62,2,365.25,0
58,1,134.10000000000002,0
395,1,212.32999999999998,0
24,5,2635.79,1
373,9,1833.14,0
3,16,4426.775,1
30,16,2184.25,0
421,3,1300.72,0
38,1,151.29999999999998,0
596,2,398.74,0
154,2,705.1,0
25,13,2402.45,1
446,1,161.0,0
445,1,135.18,0
317,2,394.26,0
4,9,2209.39,1
7,7,1707.73,0
302,2,576.22,0
266,5,2941.9,1
270,1,287.34,0
3,16,4426.775,1
31,3,480.33,0
218,9,1718.79,0
246,2,484.53,0
407,3,693.46,0
464,1,143.95,0
280,16,4426.775,1
268,1,138.28,0
31,8,1595.34,0
245,2,282.6,0
14,11,2682.5,1
116,4,723.15,0
35,2,733.34,0
131,10,4426.775,1
216,6,1118.93,0
636,1,213.01,0
49,8,1734.58,0
38,2,711.0,0
28,8,890.45,0
36,16,2774.7200000000003,1
435,3,639.58,0
135,2,712.6,0
218,2,571.59,0
27,1,491.86,0
410,2,463.17,0
508,4,665.79,0
24,13,4426.775,1
4,7,2612.51,1
199,1,314.5,0
395,1,425.33,0
17,2,269.25,0
240,5,1482.33,0
71,3,615.63,0
16,12,2837.17,1
2,7,982.8599999999999,0
94,2,1086.45,0
161,2,714.34,0
413,1,171.44,0
373,2,200.4,0
95,9,1677.0,0
53,11,2168.35,0
287,1,172.65,0
123,7,1366.8700000000001,0
287,4,1988.46,0
151,3,388.65,0
3,9,2012.3700000000001,0
1,16,4426.775,1
674,1,132.55,0
11,15,4426.775,1
32,2,573.4200000000001,0
53,5,1214.69,0
49,6,1911.52,0
218,5,995.79,0
62,3,2620.56,1
70,6,2875.36,1
652,1,292.361,0
494,1,190.35,0
1,16,4426.775,1
726,2,855.6700000000001,0
1,16,4426.775,1
421,4,511.92,0
63,9,4426.775,1
33,8,2857.42,1
396,2,301.54,0
81,1,336.65000000000003,0
590,1,999.3100000000001,0
427,2,15.0,0
0,16,4426.775,1
102,4,961.92,0
515,1,147.63,0
6,3,652.52,0
250,3,758.38,0
12,13,1649.92,0
487,4,150.93,0
9,14,1567.4,0
428,4,495.19,0
366,6,3045.44,1
75,6,1144.07,0
504,1,3.75,0
387,1,239.45999999999998,0
3,1,310.28,0
127,2,370.16999999999996,0
65,3,353.75,0
646,1,96.0,0
546,1,123.13,0
387,4,481.32,0
498,1,286.25,0
436,3,1114.2,0
0,16,4426.775,1
116,9,2513.86,1
309,3,1429.9,0
66,1,307.1,0
138,16,4426.775,1
254,3,1278.97,0
30,9,3110.7400000000002,1
51,2,208.17,0
63,1,240.63000000000002,0
366,3,484.55,0
5,5,1563.71,0
304,3,404.65000000000003,0
28,3,789.16,0
183,3,510.0,0
41,3,504.6,0
39,8,2477.81,1
91,3,2114.92,0
21,8,4426.775,1
23,2,490.47,0
28,2,351.48,0
429,1,61.28,0
301,6,2224.53,1
417,3,647.7,0
144,6,1332.33,0
5,2,542.58,0
18,7,3112.4500000000003,1
32,12,2979.62,1
621,2,241.73,0
175,1,162.3,0
57,3,359.9,0
21,1,183.84,0
420,1,90.0,0
581,1,132.70000000000002,0
15,16,4426.775,1
18,2,528.0,0
158,2,650.26,0
576,2,246.78,0
24,7,1048.67,0
398,2,565.37,0
211,2,259.99,0
5,10,1902.44,0
485,1,139.95000000000002,0
415,1,639.8000000000001,0
252,1,22.95,0
58,16,4426.775,1
380,1,304.15,0
10,1,360.12,0
64,1,271.53,0
24,4,1279.99,0
719,1,281.92,0
91,8,114.21000000000001,0
51,5,3296.33,1
128,1,1568.98,0
95,8,3436.48,1
610,1,187.35000000000002,0
56,1,936.13,0
8,16,4426.775,1
500,4,1253.98,0
168,11,763.78,0
392,6,962.34,0
56,1,212.67,0
325,2,403.91,0
0,5,1202.06,0
428,2,261.11,0
17,9,2538.54,1
247,4,1173.3500000000001,0
386,1,93.15,0
57,4,475.31,0
73,1,145.67000000000002,0
30,3,967.24,0
6,2,539.73,0
122,10,4426.775,1
1,15,4426.775,1
22,16,4426.775,1
526,3,892.37,0
119,8,941.37,0
357,7,1781.25,0
53,14,4378.72,1
63,1,113.80000000000001,0
85,3,364.23,0
54,4,2282.88,1
645,1,390.6,0
20,16,4297.58,1
3,16,4426.775,1
2,5,1051.41,0
10,15,4426.775,1
6,10,1831.88,0
188,2,480.2,0
70,1,233.56,0
203,1,338.95,0
119,7,2041.75,0
92,6,1991.23,0
0,14,2907.6800000000003,1
377,3,830.8100000000001,0
26,6,563.28,0
297,1,640.0,0
23,3,500.42,0
27,6,3658.4900000000002,1
625,1,336.05,0
49,3,1143.09,0
325,2,678.87,0
15,2,367.52,0
182,6,1502.44,0
71,15,4426.775,1
631,5,717.6,0
399,1,165.45000000000002,0
36,2,332.64,0
732,1,305.4,0
408,1,11.34,0
691,1,136.8,0
79,4,2164.18,0
422,2,257.39,0
56,16,3503.6,1
423,1,124.95,0
506,1,28.52,0
11,2,617.46,0
393,1,70.80000000000001,0
463,4,1103.51,0
49,2,267.14,0
49,2,761.27,0
58,4,1252.54,0
431,4,1474.67,0
401,4,681.5500000000001,0
351,3,782.74,0
53,1,347.63,0
1,6,1728.7,0
92,4,561.01,0
22,1,187.60000000000002,0
74,2,689.72,0
10,4,426.47,0
168,11,2491.14,1
57,2,337.34,0
95,11,4426.775,1
294,1,285.8,0
108,2,606.99,0
263,1,901.15,0
596,3,4426.775,1
179,3,918.05,0
168,2,853.02,0
34,1,71.66,0
22,7,1472.71,0
16,4,802.58,0
21,15,4426.775,1
534,1,8.64,0
577,1,234.04,0
652,1,198.54,0
394,2,820.75,0
78,6,1098.67,0
64,1,90.6,0
360,4,532.26,0
2,6,2278.6,1
10,4,649.01,0
175,3,612.84,0
217,14,4426.775,1
6,12,670.6800000000001,0
1,2,382.82,0
153,3,491.05,0
4,5,945.51,0
417,3,444.65,0
379,8,4106.46,1
78,6,1043.06,0
20,2,230.22,0
391,1,481.2,0
21,3,320.6,0
307,16,2762.53,1
386,2,434.9,0
476,3,766.32,0
434,1,281.24,0
145,2,150.15,0
422,1,112.32,0
6,16,4426.775,1
385,2,437.65000000000003,0
18,14,4426.775,1
70,2,189.35,0
286,1,254.25,0
48,2,671.92,0
30,12,4426.775,1
206,4,1145.3700000000001,0
410,1,478.77,0
14,2,167.36,0
72,7,3347.7200000000003,1
59,5,741.89,0
415,1,313.48,0
38,9,4089.34,1
29,16,4426.775,1
26,12,1497.89,0
3,16,4426.775,1
16,1,220.08,0
379,2,681.64,0
19,8,4426.775,1
65,5,1439.09,0
212,1,303.11,0
11,6,798.64,0
29,3,218.6,0
42,16,4426.775,1
3,6,2246.39,1
14,14,3849.0,1
385,2,771.09,0
518,3,332.51,0
446,3,504.2,0
9,16,4426.775,1
210,5,1550.3000000000002,0
45,9,3628.54,1
133,2,482.0,0
732,1,202.1,0
42,11,4426.775,1
9,5,2065.26,0
115,7,1327.07,0
512,1,72.58,0
431,1,509.04,0
197,3,1047.59,0
564,2,438.84999999999997,0
479,2,423.17,0
277,1,328.8,0
109,5,1038.94,0
76,3,1580.7,0
52,1,830.64,0
161,11,4426.775,1
570,1,222.70000000000002,0
644,1,353.29,0
46,3,1181.93,0
16,4,1198.2,0
154,7,1590.83,0
224,2,778.0,0
6,2,573.32,0
121,3,615.99,0
464,8,3439.08,1
470,2,713.11,0
60,1,104.82,0
549,3,352.34999999999997,0
62,2,409.41,0
17,16,4426.775,1
6,16,4426.775,1
1,16,4423.73,1
554,1,5.13,0
21,3,527.67,0
28,9,2571.59,1
284,1,601.25,0
175,6,808.91,0
77,5,3002.13,1
32,2,187.32999999999998,0
40,16,4426.775,1
265,1,141.41,0
724,1,413.28,0
490,2,288.85,0
26,10,2884.87,1
108,16,3159.5699999999997,1
283,1,97.66,0
8,14,4003.64,1
304,3,708.05,0
16,13,4426.775,1
31,2,746.36,0
0,16,4426.775,1
19,2,450.71000000000004,0
123,4,229.61,0
64,1,92.46,0
105,3,977.33,0
0,16,4426.775,1
23,16,4426.775,1
462,2,456.69,0
266,1,155.54999999999998,0
4,16,4426.775,1
506,3,671.6,0
9,16,4426.775,1
437,9,2994.35,1
28,15,2624.54,1
388,3,844.94,0
266,1,136.8,0
63,2,342.24,0
319,4,1469.57,0
514,2,213.11,0
684,1,281.65,0
3,8,1316.44,0
666,1,357.15,0
31,1,151.04,0
622,1,145.55,0
4,6,1532.12,0
128,1,113.02,0
40,6,568.2,0
101,9,1647.4399999999998,0
124,2,233.14,0
32,5,754.39,0
301,10,4426.775,1
364,2,397.61,0
3,11,1349.47,0
511,1,101.49000000000001,0
1,16,4426.775,1
462,1,7.5,0
2,3,800.4399999999999,0
9,16,4426.775,1
56,1,145.85,0
324,1,28.62,0
653,2,1102.68,0
7,16,4426.775,1
11,1,437.36,0
439,1,306.57,0
722,1,2.95,0
3,16,4426.775,1
480,2,397.46,0
36,1,147.35,0
15,16,4426.775,1
137,1,192.2,0
73,13,3540.94,1
4,5,1144.1299999999999,0
664,1,0.0,0
154,5,622.38,0
238,5,4426.775,1
736,1,180.0,0
51,11,4426.775,1
30,4,994.41,0
72,1,144.2,0
3,16,4426.775,1
13,4,363.75,0
22,13,4426.775,1
3,16,4362.03,1
273,7,1213.5,0
501,2,492.47,0
19,5,1319.7,0
143,1,90.0,0
428,1,412.35,0
375,2,149.8,0
3,4,2650.13,1
405,3,303.47,0
732,1,430.93,0
83,1,48.33,0
10,3,2636.53,1
7,4,783.85,0
122,6,1834.38,0
60,3,919.21,0
1,9,2544.45,1
318,4,1701.38,0
648,1,187.87,0
1,11,3240.97,1
129,4,764.9399999999999,0
382,15,4426.775,1
1,16,4426.775,1
400,5,1511.3700000000001,0
695,1,223.2,0
1,2,982.3800000000001,0
45,4,1002.28,0
3,2,925.81,0
2,4,909.88,0
372,2,968.23,0
133,1,109.8,0
485,1,30.599999999999998,0
46,7,2891.1,1
8,12,4426.775,1
77,9,1421.52,0
233,2,361.29,0
220,1,436.12,0
35,2,636.04,0
672,2,667.5,0
74,7,1929.66,0
482,1,233.4,0
238,8,4426.775,1
265,1,118.75,0
9,16,4426.775,1
19,5,989.51,0
39,1,467.64,0
19,16,4426.775,1
609,7,4419.28,1
215,7,3172.88,1
173,2,258.56,0
86,5,1990.3700000000001,0
70,2,885.24,0
275,1,114.29,0
504,2,249.5,0
38,8,1266.64,0
420,2,360.65,0
430,2,564.83,0
374,3,561.48,0
97,2,470.77,0
604,3,340.07,0
10,6,506.0,0
32,1,132.01,0
59,8,4426.775,1
296,5,896.4100000000001,0
85,13,1960.83,0
8,7,1585.3,0
40,2,694.38,0
10,16,4426.775,1
410,2,305.3,0
443,4,644.97,0
410,2,278.69,0
66,1,410.59,0
330,1,35.25,0
426,5,1505.0,0
473,1,117.35,0
30,6,2026.0900000000001,0
1,16,4426.775,1
665,1,15.0,0
1,15,4426.775,1
387,1,293.74,0
67,3,1180.83,0
4,16,4426.775,1
201,6,709.8,0
106,1,226.42,0
410,1,363.2,0
17,9,1427.63,0
217,4,906.0,0
616,1,370.3,0
59,10,1103.02,0
380,3,612.61,0
396,1,289.6,0
1,4,996.23,0
16,9,2200.31,1
238,3,1123.23,0
687,1,157.8,0
94,2,522.88,0
10,15,4426.775,1
105,16,4426.775,1
52,16,4153.01,1
89,2,785.08,0
404,1,656.1,0
30,5,973.27,0
11,9,3191.08,1
2,5,1977.93,0
1,16,3031.19,1
42,1,169.48000000000002,0
3,3,591.78,0
246,4,1324.55,0
41,16,4426.775,1
176,1,641.24,0
91,3,944.19,0
109,9,1560.01,0
434,4,1847.2,0
28,6,2422.47,1
25,15,4426.775,1
437,3,706.8000000000001,0
51,7,2130.17,0
435,3,860.8000000000001,0
183,4,1155.67,0
42,5,1877.95,0
48,7,2415.9,1
21,4,754.45,0
74,9,3824.12,1
80,5,1629.5,0
372,2,544.66,0
325,3,380.88,0
42,16,4170.02,1
29,3,1210.84,0
183,2,281.20000000000005,0
234,2,264.25,0
8,16,4426.775,1
660,1,256.8,0
219,2,1659.2,0
110,3,1423.23,0
277,5,714.5,0
317,3,952.97,0
410,12,4426.775,1
6,3,1890.96,0
1,5,2400.81,1
380,1,145.99,0
492,2,351.45000000000005,0
432,1,598.33,0
545,1,7.5,0
259,5,2343.2400000000002,1
63,9,4426.775,1
8,16,4426.775,1
141,1,119.1,0
470,3,793.87,0
50,2,1032.55,0
7,8,2534.09,1
422,1,322.93,0
154,6,1409.06,0
108,4,1248.47,0
427,1,40.56,0
162,3,1330.44,0
470,1,353.95,0
438,1,270.33,0
331,1,461.65000000000003,0
225,2,214.23000000000002,0
73,4,858.09,0
50,4,559.97,0
685,1,256.6,0
395,6,919.73,0
98,7,2076.13,0
14,9,4426.775,1
409,1,184.83,0
520,2,191.86,0
196,1,122.63999999999999,0
407,1,208.65,0
2,16,4426.775,1
462,4,603.34,0
30,3,1240.95,0
20,8,2671.27,1
23,7,4426.775,1
7,3,162.59,0
212,1,375.15,0
8,6,868.0600000000001,0
10,8,4322.81,1
1,16,4426.775,1
7,16,4426.775,1
2,9,2970.83,1
406,1,373.34,0
39,5,2155.4300000000003,0
420,2,439.55,0
17,4,1231.97,0
7,16,4426.775,1
7,16,4426.775,1
18,1,43.2,0
116,4,1425.25,0
430,3,668.6500000000001,0
406,2,277.94,0
222,3,1682.64,0
70,3,1848.66,0
50,6,1757.57,0
88,10,4426.775,1
548,2,15.0,0
7,11,3333.11,1
432,1,492.1,0
242,2,483.19,0
46,11,2796.08,1
106,2,215.70000000000002,0
44,8,3034.77,1
421,5,453.12,0
64,1,488.08,0
459,1,151.93,0
423,1,485.19,0
206,5,1258.2,0
10,7,2074.27,0
428,4,438.55,0
114,2,577.66,0
409,2,687.78,0
569,1,229.13,0
241,3,887.2900000000001,0
162,6,1868.96,0
437,1,7.5,0
16,15,4426.775,1
623,1,200.63,0
123,2,455.76,0
22,5,1852.6100000000001,0
67,1,353.2,0
16,12,4135.09,1
15,2,456.44,0
16,4,1468.25,0
160,3,850.25,0
242,2,560.11,0
218,1,134.7,0
44,16,4324.46,1
20,6,726.96,0
420,4,1081.21,0
126,16,3033.84,1
38,1,108.97999999999999,0
120,5,2111.86,0
736,1,81.7,0
259,1,402.87,0
9,1,132.5,0
273,3,901.36,0
164,1,51.0,0
156,4,1004.3100000000001,0
214,3,371.59999999999997,0
5,2,136.71,0
365,3,1011.75,0
79,2,600.9300000000001,0
42,1,223.32,0
388,2,400.06,0
18,3,881.58,0
31,4,2002.83,0
578,1,196.12,0
21,1,155.95,0
401,2,222.22000000000003,0
108,8,2120.56,0
394,2,624.88,0
524,1,120.0,0
7,16,4426.775,1
319,1,135.2,0
641,2,463.33,0
450,6,875.1800000000001,0
294,1,100.5,0
442,2,739.48,0
357,1,47.7,0
540,1,89.4,0
184,3,1023.78,0
682,1,215.46,0
190,2,436.5,0
621,1,126.0,0
43,4,1154.86,0
681,1,7.5,0
51,2,631.34,0
25,2,1137.48,0
37,3,1110.91,0
500,1,58.5,0
8,3,202.11,0
296,1,138.6,0
32,3,1696.21,0
9,16,4426.775,1
64,5,1666.8,0
9,13,4426.775,1
576,1,135.6,0
431,1,251.7,0
217,1,67.95,0
564,1,91.8,0
1,16,4426.775,1
64,7,2070.78,0
2,16,2107.64,0
400,2,687.44,0
393,8,2004.06,0
148,3,1288.5,0
3,16,4426.775,1
651,1,139.35,0
129,6,1165.23,0
33,13,2605.82,1
386,1,105.3,0
118,1,144.20000000000002,0
106,6,1633.97,0
10,11,3237.64,1
70,9,2687.57,1
91,11,2575.65,1
310,1,896.1,0
42,3,1296.82,0
361,4,421.72,0
91,8,2026.72,0
0,16,4426.775,1
21,2,286.15999999999997,0
387,1,539.6700000000001,0
3,3,1799.94,0
10,7,1257.56,0
98,4,1529.48,0
56,6,2366.71,1
0,16,4426.775,1
217,3,448.78999999999996,0
17,1,181.17,0
434,3,649.21,0
23,16,4426.775,1
49,4,938.4200000000001,0
6,5,1060.93,0
403,1,512.28,0
511,3,1166.9,0
302,4,2183.93,0
9,6,2175.36,0
465,1,282.25,0
21,6,1194.3,0
501,1,45.09,0
98,2,142.68,0
365,5,929.9300000000001,0
305,1,131.9,0
319,5,4426.775,1
7,13,4426.775,1
0,11,4149.4400000000005,1
204,7,4008.87,1
53,5,2349.23,1
455,1,122.96,0
455,1,221.65,0
0,5,1212.79,0
18,6,1703.93,0
8,2,268.95000000000005,0
18,8,2447.75,1
180,7,1128.44,0
59,12,3218.77,1
10,4,644.84,0
189,1,117.48,0
375,5,915.15,0
431,4,581.56,0
4,9,2975.19,1
310,1,102.39,0
380,1,223.53,0
154,2,4426.775,1
109,9,769.5,0
147,13,4426.775,1
65,12,2126.98,0
97,4,591.87,0
567,2,84.75,0
246,11,3289.21,1
28,13,4085.05,1
17,12,2190.81,0
733,1,153.04,0
415,4,1919.1200000000001,0
11,3,632.84,0
590,2,397.8,0
103,9,2067.98,0
73,2,213.9,0
45,2,1200.03,0
71,4,1098.84,0
256,1,213.25,0
19,7,659.92,0
381,4,1079.95,0
253,4,1276.11,0
10,4,1288.49,0
164,5,2099.21,0
17,12,2851.88,1
281,2,257.1,0
49,4,1034.8,0
38,1,162.3,0
511,2,175.5,0
26,7,1343.21,0
67,1,838.81,0
206,4,1541.96,0
405,2,1263.47,0
174,2,442.98,0
429,7,1838.26,0
6,10,4426.775,1
25,3,390.03,0
50,3,168.8,0
311,7,2310.96,1
308,2,666.8100000000001,0
42,10,3378.95,1
25,7,2128.62,0
87,3,289.35,0
183,2,251.21,0
19,11,2346.82,1
2,6,3315.48,1
46,4,642.21,0
16,16,4426.775,1
16,7,3169.9700000000003,1
23,11,3044.38,1
21,5,829.74,0
533,1,108.5,0
375,3,934.56,0
10,5,1263.86,0
187,7,1106.62,0
100,6,586.52,0
60,9,4425.03,1
17,12,3467.47,1
515,1,162.92,0
32,2,312.55,0
63,1,137.7,0
683,2,206.09,0
1,2,140.91,0
490,1,191.68,0
23,8,1343.33,0
107,1,193.79000000000002,0
31,13,2699.4700000000003,1
19,16,4426.775,1
388,1,261.5,0
2,16,4426.775,1
36,1,339.75,0
59,3,606.89,0
25,16,4426.775,1
479,1,370.89,0
235,11,3711.9,1
24,11,2007.25,0
2,16,4426.775,1
59,9,4426.775,1
259,1,144.35,0
57,2,629.7,0
64,5,1039.99,0
15,2,526.66,0
9,11,3587.57,1
58,14,2477.93,1
185,1,103.25,0
28,16,4426.775,1
23,3,2607.03,1
673,1,349.25,0
4,11,4426.775,1
3,8,3747.1600000000003,1
150,9,1568.3899999999999,0
310,4,893.8100000000001,0
10,4,1302.83,0
17,7,783.69,0
151,3,510.38,0
18,9,1561.37,0
9,4,2227.3,1
56,6,2205.51,1
595,3,808.14,0
84,1,597.4,0
653,3,465.15,0
389,1,56.7,0
6,16,4418.12,1
75,3,1034.29,0
3,16,4426.775,1
509,2,552.82,0
434,2,2353.32,1
95,5,3609.52,1
110,4,738.72,0
56,2,1437.96,0
434,1,897.22,0
0,4,504.83,0
280,3,497.95,0
424,1,150.85,0
2,11,4426.775,1
179,13,2220.86,1
732,1,140.70000000000002,0
487,1,451.01,0
371,1,70.80000000000001,0
12,7,1360.84,0
2,1,141.21,0
431,1,104.66,0
517,1,14.850000000000001,0
16,2,381.23,0
40,1,109.21000000000001,0
5,8,1734.39,0
168,8,1669.46,0
49,5,859.97,0
276,1,227.28,0
18,9,1532.35,0
577,1,130.14,0
371,1,75.0,0
424,16,2843.1,1
14,4,1316.41,0
34,3,558.81,0
21,12,3549.77,1
6,2,622.43,0
19,8,2119.39,0
626,1,197.02,0
10,6,1620.62,0
43,2,384.04,0
389,2,473.09000000000003,0
305,2,840.48,0
10,1,157.71,0
655,1,200.10999999999999,0
274,1,89.1,0
632,1,141.41,0
373,4,836.46,0
0,16,4426.775,1
15,16,4426.775,1
3,11,2717.56,1
71,10,91.8,0
395,2,24.35,0
443,2,566.0,0
414,1,742.9,0
679,1,28.62,0
385,1,295.13,0
393,5,895.91,0
242,5,379.53000000000003,0
402,2,182.02,0
8,7,1115.47,0
245,2,1226.8400000000001,0
205,2,399.87,0
0,9,2866.11,1
184,1,318.78000000000003,0
31,10,1937.78,0
56,6,793.7,0
195,11,4251.75,1
23,11,4426.775,1
378,1,462.75,0
90,5,1942.6,0
3,2,861.16,0
483,1,311.8,0
50,6,1824.95,0
262,1,105.47,0
265,1,325.40000000000003,0
437,4,1877.1,0
453,1,206.89,0
35,2,609.85,0
676,1,106.67999999999999,0
50,1,419.6,0
51,9,4426.775,1
23,10,3511.33,1
21,1,110.46,0
58,1,48.42,0
169,5,1341.27,0
67,7,1734.34,0
156,3,774.35,0
1,16,4426.775,1
200,2,457.72,0
415,15,4204.21,1
4,9,3336.23,1
588,1,54.0,0
66,9,1839.97,0
76,1,109.28,0
0,12,3160.56,1
737,1,233.63,0
7,7,2807.3,1
168,5,773.3000000000001,0
17,6,1406.8700000000001,0
4,2,200.6,0
8,9,2490.28,1
86,2,278.74,0
26,1,86.05,0
28,7,1350.17,0
429,2,450.28,0
19,2,620.74,0
60,7,2531.4,1
23,1,190.35,0
10,16,4426.775,1
444,1,107.13,0
241,7,3156.57,1
279,3,600.1,0
548,2,1057.11,0
234,4,1047.53,0
2,7,3251.9900000000002,1
508,1,161.16,0
15,2,1017.74,0
30,12,4426.775,1
592,1,184.91,0
578,1,388.69,0
381,3,1197.23,0
24,16,4426.775,1
70,6,718.2,0
187,6,1437.93,0
587,1,132.74,0
25,6,1444.55,0
575,8,3750.51,1
413,5,870.58,0
106,3,1110.08,0
7,16,4426.775,1
208,1,112.35,0
43,4,760.33,0
30,5,2035.97,0
136,12,1631.23,0
264,7,918.26,0
616,1,229.61,0
518,3,1495.26,0
3,8,2662.61,1
217,2,161.99,0
1,5,1205.06,0
213,4,691.9,0
31,5,2897.26,1
10,15,4022.2200000000003,1
0,16,4426.775,1
14,1,318.17,0
10,11,1752.31,0
198,1,48.33,0
618,1,367.29,0
435,2,78.3,0
2,5,1487.94,0
14,16,4426.775,1
13,13,1896.99,0
9,11,2141.79,0
28,4,1300.14,0
8,16,4426.775,1
23,4,789.6899999999999,0
24,8,1526.33,0
42,3,510.62,0
732,1,78.85,0
409,1,197.14,0
1,5,1576.18,0
5,3,600.66,0
378,1,114.77,0
146,3,505.32,0
9,11,2056.7,0
589,1,317.0,0
24,4,1132.8,0
654,1,122.3,0
273,3,364.79,0
412,1,183.23000000000002,0
373,3,884.63,0
0,8,1876.56,0
46,3,372.46999999999997,0
7,16,4426.775,1
15,15,4426.775,1
425,4,1002.72,0
3,16,4426.775,1
484,2,351.23,0
3,4,2934.91,1
42,9,1714.05,0
3,16,4426.775,1
196,11,3930.66,1
11,7,1815.14,0
434,1,560.2,0
592,1,50.48,0
15,14,2342.1,1
112,12,2457.06,1
405,4,310.2,0
248,1,289.45,0
28,10,3061.94,1
479,1,256.0,0
735,1,107.67999999999999,0
683,2,126.45,0
43,1,187.59,0
86,2,861.22,0
44,6,1522.13,0
9,16,4426.775,1
14,3,2358.9900000000002,1
74,1,410.5,0
144,7,2450.04,1
4,3,1493.07,0
296,1,89.2,0
58,3,440.57,0
263,2,408.64,0
46,1,209.4,0
28,3,238.6,0
7,11,4426.775,1
473,1,355.61,0
16,2,192.60000000000002,0
2,16,4426.775,1
231,8,3425.64,1
620,2,594.62,0
111,1,134.01,0
592,1,135.3,0
528,1,222.85,0
57,3,1323.69,0
50,15,3028.86,1
403,1,267.87,0
126,2,721.0600000000001,0
280,3,270.05,0
54,2,430.88,0
319,1,143.85000000000002,0
658,1,290.81,0
25,3,408.39,0
9,2,60.81,0
549,1,90.96,0
470,1,110.65,0
6,3,1102.83,0
28,1,190.53,0
16,10,2327.87,1
606,1,301.83000000000004,0
63,1,6.2,0
20,2,625.9,0
2,10,1571.8,0
165,1,124.25,0
0,16,4426.775,1
506,1,289.81,0
52,8,724.31,0
50,2,285.98,0
47,16,4426.775,1
60,1,192.14,0
437,2,15.0,0
161,3,621.0,0
8,1,322.32,0
14,7,1039.18,0
74,2,249.48,0
390,2,502.89,0
39,8,2068.4,0
620,2,666.72,0
40,13,2507.07,1
386,1,165.25,0
598,1,182.55,0
369,4,1018.32,0
580,1,157.56,0
36,2,755.31,0
196,1,34.4,0
199,7,3503.2,1
73,6,1011.96,0
63,4,407.81,0
20,9,1131.43,0
366,7,1201.48,0
484,1,155.70000000000002,0
179,3,299.68,0
9,10,3834.51,1
3,16,4426.775,1
581,2,373.2,0
664,1,0.0,0
196,13,4106.62,1
28,7,1667.3600000000001,0
52,1,196.38,0
679,3,1544.82,0
629,1,7.5,0
498,1,94.8,0
17,7,2028.61,0
528,2,89.1,0
9,3,102.44999999999999,0
89,9,3403.72,1
422,2,769.62,0
417,3,819.76,0
267,2,357.81,0
52,14,4426.775,1
43,4,2493.19,1
436,1,211.79999999999998,0
63,10,4426.775,1
599,1,6.75,0
426,1,342.45,0
148,3,1261.7,0
404,1,268.11,0
21,16,4426.775,1
311,7,1650.76,0
22,3,784.1700000000001,0
57,16,4426.775,1
23,5,1035.0,0
77,11,3888.55,1
118,7,4426.775,1
35,3,1141.1,0
59,7,3505.061,1
505,1,180.75,0
12,5,1513.64,0
18,1,157.26999999999998,0
51,10,1332.55,0
25,2,810.15,0
28,1,266.76,0
6,4,104.1,0
10,16,4426.775,1
185,16,2588.71,1
2,12,4057.21,1
8,6,2726.76,1
261,6,1724.1000000000001,0
2,9,1231.32,0
483,3,802.11,0
209,2,796.1800000000001,0
534,1,91.5,0
107,3,2182.42,0
520,2,251.8,0
417,2,426.65,0
12,16,3716.68,1
684,1,182.06,0
76,3,675.69,0
19,1,236.59,0
26,14,2658.16,1
18,6,749.62,0
668,1,120.6,0
131,3,1113.6,0
252,1,355.0,0
78,1,261.09,0
206,1,369.2,0
335,1,135.9,0
253,3,806.12,0
147,4,1074.72,0
690,1,197.45000000000002,0
9,3,1743.76,0
84,3,1436.1100000000001,0
7,16,4426.775,1
204,8,2047.77,0
7,8,2879.41,1
22,14,3070.33,1
394,1,1248.94,0
521,1,7.829999999999999,0
10,12,2124.89,0
25,3,1008.07,0
20,5,2681.78,1
1,4,1373.48,0
157,8,1857.29,0
444,1,7.5,0
2,16,4426.775,1
73,2,348.15,0
436,3,1345.43,0
2,4,419.65,0
0,16,4426.775,1
16,6,1275.95,0
35,8,3810.89,1
90,11,1764.25,0
70,8,2466.52,1
596,2,822.8,0
115,9,4426.775,1
538,1,359.35,0
212,3,1545.98,0
29,2,1300.86,0
393,2,806.44,0
50,1,719.45,0
245,3,712.4,0
381,2,159.3,0
396,1,308.2,0
627,1,223.91000000000003,0
31,2,811.37,0
108,6,4426.775,1
4,5,873.38,0
365,2,814.71,0
443,4,318.6,0
81,5,3120.7400000000002,1
296,2,1188.0,0
33,12,4426.775,1
56,3,1418.33,0
561,2,1771.6,0
417,2,525.64,0
578,1,169.35,0
401,4,595.97,0
662,1,107.62,0
29,16,4426.775,1
413,1,179.4,0
13,1,100.9,0
71,6,918.24,0
22,6,1069.52,0
468,4,509.13,0
18,1,348.5,0
78,1,289.85,0
59,16,4426.775,1
24,4,963.1,0
11,2,441.29,0
732,1,161.32,0
420,1,57.24,0
252,2,303.59000000000003,0
146,6,808.89,0
63,4,685.17,0
7,2,211.28,0
10,16,4426.775,1
270,4,339.96000000000004,0
9,12,2937.32,1
246,1,125.37,0
95,2,562.05,0
14,6,1009.2900000000001,0
49,6,1372.46,0
29,2,471.14,0
703,1,674.3199999999999,0
67,12,4426.775,1
34,3,1036.96,0
127,2,128.77,0
106,3,577.9,0
36,1,109.49000000000001,0
56,2,370.84,0
56,7,737.5600000000001,0
725,1,31.929999999999996,0
71,10,2942.09,1
734,1,430.46,0
736,1,143.8,0
245,2,372.92,0
571,1,229.98,0
688,1,177.95000000000002,0
18,6,860.16,0
197,2,286.11,0
375,2,551.3,0
15,8,983.6499999999999,0
211,7,2007.59,0
661,1,322.1,0
611,2,252.82,0
429,1,289.37,0
441,1,208.5,0
563,1,36.13,0
381,5,926.98,0
38,2,227.18,0
480,2,423.3,0
45,4,601.34,0
169,4,697.88,0
592,1,124.23,0
47,1,481.37,0
393,2,202.01,0
115,9,4426.775,1
472,6,1017.77,0
146,1,1122.03,0
15,16,4426.775,1
50,2,781.44,0
158,1,154.46,0
479,2,97.2,0
11,3,1229.13,0
35,1,300.69,0
395,2,398.75,0
53,3,812.63,0
487,10,1540.53,0
42,2,222.22,0
500,13,2195.38,0
172,5,605.2,0
33,1,123.13,0
38,3,478.16,0
266,1,261.55,0
378,1,202.97,0
8,12,2697.03,1
11,5,1117.21,0
2,16,4426.775,1
9,16,3945.07,1
32,2,970.54,0
79,5,1035.07,0
30,10,2032.57,0
7,6,1121.43,0
619,1,294.54,0
71,8,1283.08,0
3,14,2954.2200000000003,1
255,8,3524.85,1
4,10,2495.2,1
15,14,4426.775,1
89,1,238.36,0
71,3,440.13,0
375,2,395.9,0
58,9,1233.66,0
9,16,4426.775,1
541,1,7.49,0
169,2,288.07,0
198,2,201.6,0
30,6,1568.8899999999999,0
18,16,4426.775,1
151,2,600.06,0
8,16,4426.775,1
269,1,337.53,0
64,4,470.25,0
273,1,85.68,0
24,5,3497.33,1
22,9,3464.83,1
318,1,150.88,0
4,3,623.06,0
11,2,300.45,0
474,3,524.42,0
519,1,131.0,0
274,5,2831.65,1
24,16,3269.38,1
40,16,3363.8,1
7,4,292.59,0
3,16,4426.775,1
70,8,2513.87,1
212,1,220.2,0
409,4,1131.04,0
37,5,2834.58,1
52,1,851.79,0
77,5,3338.9,1
45,4,1115.28,0
178,1,1065.48,0
372,3,770.45,0
93,4,1353.91,0
478,1,186.89,0
9,8,2663.92,1
104,3,1461.36,0
77,1,674.47,0
172,3,1378.84,0
494,2,1677.48,0
6,16,4426.775,1
212,11,2970.07,1
427,2,546.25,0
21,12,1787.72,0
668,1,93.35000000000001,0
256,1,77.7,0
379,2,680.28,0
729,1,347.54,0
564,2,218.53,0
281,1,240.58,0
20,2,1050.52,0
9,6,2254.37,1
307,1,370.67,0
67,3,1027.8600000000001,0
214,3,737.5600000000001,0
17,16,4426.775,1
462,2,83.0,0
103,10,2606.2,1
42,1,214.39000000000001,0
3,3,635.0500000000001,0
181,3,343.65,0
83,1,335.63,0
333,7,1799.7,0
8,6,1149.9,0
530,2,534.3,0
30,2,603.46,0
196,2,875.33,0
17,9,2922.62,1
17,5,1375.34,0
310,9,808.0,0
141,4,1178.55,0
245,3,910.5,0
23,6,1167.95,0
28,5,2652.2200000000003,1
610,1,188.55,0
9,3,2857.96,1
29,12,3298.13,1
17,2,505.55,0
17,4,1245.2,0
14,8,1962.51,0
133,1,4.590000000000001,0
245,1,207.8,0
133,1,299.93,0
49,2,429.07,0
113,11,4364.32,1
6,5,4072.5,1
22,4,405.48,0
24,16,4426.775,1
536,2,430.59000000000003,0
65,2,652.8,0
59,5,1710.43,0
49,16,4426.775,1
169,1,330.11,0
394,1,76.77,0
17,5,891.32,0
127,5,1555.27,0
14,10,1559.78,0
238,2,294.43,0
2,4,1273.65,0
520,2,745.81,0
393,1,456.29,0
239,2,174.97,0
51,8,2836.9,1
457,7,1312.56,0
45,6,2499.13,1
225,2,533.18,0
7,16,4426.775,1
3,4,1126.78,0
164,2,1238.86,0
239,1,564.55,0
10,1,301.29,0
133,5,1224.06,0
16,13,4426.775,1
422,2,1397.56,0
9,14,4426.775,1
30,1,292.35,0
74,3,1296.91,0
382,1,364.57,0
0,3,897.39,0
3,5,2228.29,1
44,2,378.9,0
1,16,4426.775,1
356,4,560.9200000000001,0
387,1,119.92,0
730,1,290.4,0
17,2,301.6,0
68,9,2034.82,0
372,1,920.4,0
467,1,161.91,0
320,5,1454.51,0
25,1,103.86,0
381,2,539.97,0
406,1,81.15,0
330,1,508.95,0
8,5,1529.82,0
380,7,1459.02,0
322,2,471.90000000000003,0
71,1,219.25,0
667,1,921.14,0
425,1,732.17,0
259,1,40.5,0
17,13,4426.775,1
366,3,884.69,0
65,5,862.9499999999999,0
153,11,2789.442,1
547,3,624.63,0
28,4,643.98,0
69,1,196.23000000000002,0
13,5,1258.75,0
1,16,3869.63,1
724,1,291.83,0
0,16,4426.775,1
433,1,749.97,0
462,3,579.75,0
119,5,1860.74,0
60,1,457.28,0
2,16,4426.775,1
2,1,74.25,0
432,2,316.25,0
10,6,1322.48,0
91,5,518.1,0
58,10,2408.4,1
494,1,536.35,0
86,7,1738.64,0
419,3,22.5,0
25,15,4357.92,1
356,1,263.13,0
84,2,574.08,0
9,4,420.29999999999995,0
415,3,595.72,0
0,6,894.57,0
729,1,176.08,0
224,3,923.94,0
59,2,1166.38,0
240,2,188.67999999999998,0
318,2,328.35,0
1,8,1608.2,0
46,7,2216.9300000000003,1
87,2,457.99,0
562,1,425.34000000000003,0
10,16,4426.775,1
175,2,620.2,0
51,6,1689.1200000000001,0
365,4,1820.8,0
318,11,2464.59,1
225,5,1285.25,0
357,5,816.81,0
233,1,404.70000000000005,0
310,1,143.91,0
36,9,2276.43,1
65,6,4426.775,1
585,1,160.5,0
238,2,429.6,0
620,1,241.44,0
112,2,575.41,0
400,1,59.400000000000006,0
276,1,193.01,0
217,16,2881.01,1
298,1,321.05,0
1,4,1377.51,0
28,3,851.4200000000001,0
9,2,772.5,0
44,12,4000.69,1
66,11,2831.6,1
421,1,173.49,0
73,2,906.11,0
64,3,823.4300000000001,0
133,8,3555.42,1
237,3,764.4,0
121,3,768.9399999999999,0
410,3,1831.31,0
31,16,4426.775,1
640,1,60.0,0
8,16,4426.775,1
35,5,2014.57,0
15,8,2001.89,0
126,3,1024.49,0
66,9,3443.16,1
148,2,170.4,0
282,2,208.95,0
168,2,566.76,0
512,4,832.87,0
99,16,4426.775,1
134,4,1463.45,0
323,3,411.57,0
106,1,154.51,0
63,2,840.0500000000001,0
150,4,3239.09,1
337,5,754.76,0
21,5,545.13,0
478,3,614.1,0
23,3,916.41,0
15,16,4426.775,1
6,16,4426.775,1
56,6,1781.83,0
599,1,28.62,0
3,2,689.6,0
37,1,573.19,0
65,4,628.58,0
46,2,470.25,0
561,4,472.01,0
354,5,1471.94,0
171,3,367.55,0
58,16,4426.775,1
569,1,346.64,0
389,3,129.43,0
499,1,24.75,0
407,1,91.14,0
49,1,240.55,0
21,5,666.45,0
42,10,3575.33,1
28,5,1386.69,0
4,16,4426.775,1
25,16,4426.775,1
200,1,159.24,0
665,1,247.5,0
410,1,229.55,0
653,1,217.23999999999998,0
50,12,4426.775,1
9,3,639.94,0
1,16,4426.775,1
66,10,1122.87,0
63,1,484.44,0
50,16,4426.775,1
729,1,294.20000000000005,0
289,3,1131.63,0
60,9,667.85,0
554,1,92.7,0
63,9,2657.85,1
95,1,186.70000000000002,0
273,1,286.08,0
610,4,782.91,0
478,1,1294.46,0
0,16,4426.775,1
74,12,2878.64,1
109,1,52.0,0
198,3,753.26,0
63,2,524.09,0
326,1,44.55,0
676,1,129.75,0
3,1,305.69,0
283,1,190.0,0
43,1,204.36,0
70,12,4426.775,1
85,2,1259.96,0
562,3,426.25,0
700,1,140.22000000000003,0
103,8,1579.21,0
333,5,1644.01,0
52,1,177.6,0
407,1,103.97,0
38,11,2745.18,1
31,2,193.11,0
499,3,697.22,0
365,6,4426.775,1
207,1,682.69,0
156,3,349.22,0
53,1,172.97,0
401,1,230.0,0
410,1,352.72,0
676,1,277.73,0
65,7,1664.64,0
561,1,105.5,0
80,2,1619.52,0
129,1,398.64,0
86,1,318.7,0
0,3,450.29,0
45,1,320.39,0
332,3,593.22,0
365,4,1064.35,0
71,1,158.04,0
157,2,442.81,0
372,2,663.25,0
11,10,3611.65,1
548,1,102.0,0
254,7,2964.65,1
602,3,22.5,0
28,2,271.8,0
30,13,3454.28,1
4,16,4426.775,1
662,8,181.35,0
39,1,427.93,0
361,4,422.82000000000005,0
448,2,582.15,0
372,2,997.41,0
95,2,809.24,0
25,13,4415.28,1
74,7,2160.77,0
56,11,4426.775,1
20,2,270.48,0
491,11,2925.23,1
40,8,3357.66,1
661,1,59.400000000000006,0
136,8,2188.92,0
7,16,2942.54,1
128,2,210.96,0
689,1,54.87,0
39,3,1190.31,0
382,4,1117.5,0
462,2,246.5,0
168,8,4426.775,1
8,11,2429.91,1
213,5,1018.5600000000001,0
14,12,4426.775,1
169,4,1964.21,0
39,3,559.04,0
185,1,388.29,0
491,1,465.75,0
269,1,140.54,0
171,5,157.68,0
395,2,1216.66,0
583,1,228.02,0
4,7,2646.19,1
15,5,865.2900000000001,0
9,11,4426.775,1
325,1,104.55000000000001,0
112,2,460.18,0
289,1,94.0,0
15,2,1328.63,0
0,3,790.03,0
91,8,1032.6,0
451,2,198.75,0
148,6,1567.14,0
491,2,87.09,0
375,1,232.18,0
188,2,556.5,0
30,4,943.58,0
33,4,814.99,0
263,1,226.98,0
720,1,130.95,0
83,10,4254.9800000000005,1
25,4,1299.61,0
170,1,158.63,0
691,5,2131.59,0
9,3,742.32,0
312,1,539.73,0
64,7,4272.57,1
84,1,508.8,0
424,2,447.07,0
24,1,105.8,0
433,6,720.96,0
58,10,3729.09,1
322,7,1485.75,0
37,3,213.20999999999998,0
253,3,534.78,0
399,4,1813.66,0
18,9,2523.54,1
32,3,1431.1200000000001,0
14,4,707.36,0
26,2,377.06,0
467,2,885.75,0
502,1,109.08,0
22,2,289.26,0
213,2,533.3,0
7,11,2475.53,1
21,1,139.94,0
11,3,1100.93,0
261,2,391.1,0
130,1,152.13,0
404,4,1222.2,0
54,3,374.68,0
395,3,1198.24,0
248,1,267.3,0
1,14,4426.775,1
8,2,1388.36,0
263,2,248.45,0
376,3,405.5,0
330,5,467.63,0
312,2,749.32,0
25,3,947.15,0
29,1,418.94,0
433,2,219.71,0
29,6,1770.85,0
1,7,1349.22,0
361,2,293.44,0
597,1,22.5,0
282,10,1831.95,0
261,1,232.17,0
24,2,362.25,0
416,2,167.13,0
353,1,207.16,0
460,2,102.33,0
93,4,704.4,0
28,1,124.43,0
337,1,889.95,0
19,16,4426.775,1
84,4,1553.51,0
8,3,507.43,0
50,3,1244.68,0
49,3,758.5,0
575,1,31.08,0
1,3,1174.61,0
112,1,365.15999999999997,0
13,8,998.25,0
595,1,147.35,0
76,1,436.31,0
379,4,1950.14,0
649,1,86.39999999999999,0
39,3,1775.71,0
732,1,147.4,0
115,5,3250.9500000000003,1
400,1,1349.37,0
15,16,4426.775,1
160,10,847.05,0
0,6,4117.49,1
29,7,4426.775,1
526,1,68.85,0
679,1,231.32,0
92,5,273.63,0
22,8,2291.04,1
429,1,217.15,0
94,6,2838.59,1
27,2,617.5699999999999,0
32,9,3975.05,1
20,5,3481.83,1
378,1,241.6,0
630,1,135.64000000000001,0
17,9,4426.775,1
2,16,4426.775,1
723,1,160.25,0
7,4,1017.3100000000001,0
404,2,384.55,0
15,14,4426.775,1
362,2,263.7,0
80,4,413.15,0
52,5,2791.4700000000003,1
22,6,1916.23,0
171,1,461.76,0
188,6,931.21,0
379,1,153.46,0
330,1,15.0,0
11,5,817.13,0
155,4,284.98,0
32,16,4426.775,1
11,16,4426.775,1
386,1,136.74,0
44,3,61.43,0
232,1,259.89,0
63,15,4032.55,1
382,2,344.61,0
1,1,325.83000000000004,0
39,16,4426.775,1
32,2,361.25,0
83,16,4426.775,1
24,2,135.0,0
1,4,1206.05,0
32,2,114.14,0
18,16,4426.775,1
253,1,207.58,0
22,12,4426.775,1
21,5,1681.85,0
7,2,1927.78,0
24,10,3511.09,1
18,3,713.97,0
725,1,161.8,0
172,6,984.97,0
408,1,251.44,0
162,1,101.02,0
537,6,965.85,0
6,1,512.21,0
10,2,441.24,0
113,1,85.13000000000001,0
511,3,866.95,0
287,2,229.89,0
8,16,4426.775,1
53,2,416.6,0
606,2,1079.1000000000001,0
6,16,4426.775,1
595,1,128.74,0
76,8,2183.56,0
3,12,1985.5,0
36,7,1648.67,0
216,2,238.87,0
59,1,428.43,0
277,1,205.4,0
11,16,4426.775,1
23,1,257.62,0
28,1,389.75,0
638,1,191.28,0
567,1,1086.4,0
397,2,153.52,0
11,8,1640.36,0
351,3,445.5,0
21,7,2688.39,1
462,2,70.74000000000001,0
49,2,168.66,0
392,2,221.20000000000002,0
18,1,101.76,0
2,3,739.39,0
103,10,1654.92,0
6,16,4426.775,1
11,14,3644.55,1
4,10,3673.84,1
31,5,1098.53,0
177,6,1376.66,0
619,1,30.1,0
37,1,745.36,0
150,5,376.33,0
161,1,126.65,0
68,5,1230.35,0
376,8,1323.89,0
120,16,4426.775,1
24,3,678.01,0
375,1,106.86,0
23,6,1198.6,0
176,1,454.4,0
592,3,858.03,0
49,7,969.39,0
677,1,552.0,0
255,3,458.73,0
381,5,1471.55,0
582,3,215.20000000000002,0
46,1,356.24,0
70,1,199.8,0
15,5,1759.17,0
487,1,229.5,0
100,9,2994.19,1
34,2,563.37,0
52,2,543.57,0
26,3,1219.41,0
427,4,1159.28,0
10,16,4426.775,1
7,16,2803.9100000000003,1
78,2,67.27,0
51,1,216.39,0
35,9,1857.95,0
60,16,4426.775,1
336,9,1625.47,0
27,5,1667.62,0
183,1,283.78000000000003,0
51,1,112.46000000000001,0
9,16,2385.9,1
35,2,187.65,0
609,1,341.83,0
437,4,2367.36,1
9,16,4426.775,1
437,1,271.26,0
395,3,797.4000000000001,0
32,4,769.951,0
10,1,228.75,0
56,4,1843.01,0
3,4,743.9,0
42,16,4426.775,1
140,8,2276.9,1
116,4,559.26,0
103,9,2989.08,1
74,3,1028.83,0
456,2,531.41,0
4,16,4426.775,1
449,4,1869.35,0
44,3,1410.35,0
641,1,574.96,0
15,8,3179.47,1
508,13,3900.64,1
16,2,553.75,0
395,1,37.5,0
89,4,1418.43,0
52,5,691.28,0
378,6,1375.98,0
133,3,988.98,0
3,16,4426.775,1
104,12,4426.775,1
729,1,67.5,0
191,3,576.45,0
165,4,809.05,0
18,3,1014.32,0
157,5,925.33,0
414,1,169.0,0
203,2,612.2,0
335,4,989.9,0
521,2,533.83,0
36,5,1190.94,0
90,5,1170.64,0
92,2,86.88,0
8,2,745.08,0
242,1,540.57,0
44,4,711.9,0
22,1,30.0,0
189,8,2193.87,0
43,3,502.34,0
24,15,2716.03,1
316,8,880.89,0
660,2,279.28000000000003,0
105,1,134.63,0
50,4,1224.03,0
167,5,3807.27,1
471,2,616.97,0
39,1,301.32,0
217,1,28.62,0
39,4,593.66,0
296,2,319.05,0
18,7,1776.03,0
724,1,40.050000000000004,0
87,9,4426.775,1
72,13,4426.775,1
80,4,484.91,0
18,3,3230.89,1
48,3,1231.28,0
52,3,1806.0,0
23,4,754.4300000000001,0
8,10,4256.9800000000005,1
24,14,2861.16,1
598,2,318.24,0
116,2,495.94,0
546,3,161.25,0
449,1,53.980000000000004,0
419,1,33.75,0
8,9,2824.56,1
418,1,187.67000000000002,0
119,3,497.28000000000003,0
3,2,224.97,0
251,4,495.1,0
27,1,191.04,0
658,1,33.75,0
0,16,4426.775,1
266,4,1042.1000000000001,0
32,13,3623.82,1
689,1,242.4,0
623,1,32.55,0
17,1,268.5,0
171,2,656.88,0
1,4,1458.98,0
475,2,116.72,0
264,1,211.5,0
139,6,3714.23,1
200,1,113.25,0
63,4,991.66,0
34,4,923.7,0
40,9,4218.63,1
283,2,253.38,0
416,1,860.43,0
556,2,414.45,0
8,12,3312.87,1
142,4,936.04,0
11,5,735.6600000000001,0
555,5,649.52,0
145,11,2703.8,1
233,5,586.7,0
539,1,293.79,0
32,16,4426.775,1
23,2,692.65,0
11,1,503.16,0
35,11,4166.18,1
364,4,901.6899999999999,0
200,3,310.85,0
14,1,412.25,0
389,1,304.91,0
16,15,4426.775,1
379,2,544.6,0
212,3,192.55,0
65,5,1687.69,0
553,1,125.3,0
211,10,1640.7,0
282,1,157.4,0
114,4,1520.6000000000001,0
420,1,308.78,0
434,2,1670.15,0
14,8,1145.71,0
18,16,4426.775,1
65,1,200.18,0
48,1,137.33,0
457,2,203.37,0
618,1,138.27,0
15,4,753.8100000000001,0
77,1,22.619999999999997,0
18,4,1056.04,0
133,1,190.79,0
12,9,2377.2599999999998,1
39,3,269.66,0
234,3,821.88,0
2,16,4426.775,1
460,11,1295.65,0
39,9,4175.56,1
304,1,14.850000000000001,0
50,9,2816.95,1
9,16,4426.775,1
60,4,519.36,0
65,6,2816.2400000000002,1
24,1,205.25,0
217,7,718.28,0
630,2,15.0,0
442,1,112.95,0
64,2,557.95,0
31,2,917.87,0
87,8,4167.65,1
666,1,350.88,0
63,3,788.16,0
115,16,4426.775,1
6,16,4426.775,1
612,1,305.7,0
603,3,784.03,0
417,1,269.08000000000004,0
5,2,368.8,0
68,6,1231.34,0
244,2,118.28999999999999,0
132,1,221.76,0
240,7,1378.11,0
430,1,297.45,0
462,2,108.33000000000001,0
183,3,462.08,0
24,3,322.41,0
9,4,2728.39,1
10,1,217.76,0
467,2,804.0799999999999,0
32,16,4426.775,1
45,5,4426.775,1
25,3,909.85,0
508,1,202.33,0
357,6,1817.45,0
9,1,209.37,0
43,5,3463.79,1
399,2,925.95,0
14,8,1186.29,0
735,2,639.9000000000001,0
149,8,1929.92,0
0,16,4426.775,1
112,6,684.12,0
492,3,1505.34,0
75,4,1380.61,0
106,7,1138.38,0
45,3,1050.35,0
142,1,7.5,0
50,4,1711.16,0
0,13,3809.93,1
22,16,4426.775,1
45,3,743.04,0
49,5,1673.59,0
305,16,4426.775,1
35,7,855.91,0
78,8,2931.09,1
21,7,3718.9900000000002,1
106,12,2880.5,1
207,2,1123.81,0
16,6,2179.53,0
63,5,1366.71,0
541,2,115.8,0
420,3,2652.45,1
587,1,182.09,0
48,10,3843.06,1
319,1,150.73,0
43,2,531.86,0
2,6,1715.56,0
371,3,3646.0,1
452,2,868.35,0
171,1,268.59,0
55,4,2382.37,1
72,16,3444.92,1
374,1,1040.57,0
98,2,597.62,0
37,1,564.5,0
57,3,625.7,0
253,1,836.49,0
737,1,80.4,0
69,7,3341.3,1
43,4,892.09,0
49,1,102.47,0
64,2,750.11,0
10,16,4426.775,1
32,3,1041.3799999999999,0
58,2,345.76,0
72,9,2098.73,0
392,2,493.3,0
303,1,103.20000000000002,0
45,1,123.83999999999999,0
17,11,4212.09,1
384,1,107.01,0
37,5,723.01,0
621,1,130.49,0
18,6,980.24,0
526,1,109.73,0
186,3,201.56,0
51,1,110.8,0
3,16,4426.775,1
136,6,1007.96,0
3,16,4426.775,1
18,2,475.38,0
15,13,3676.16,1
431,1,379.15999999999997,0
40,16,2342.25,1
11,12,4118.79,1
7,13,2718.71,1
25,5,338.7,0
21,7,919.08,0
40,5,1990.63,0
100,1,200.68,0
4,16,4426.775,1
582,1,94.53,0
276,3,303.14,0
32,4,758.81,0
436,1,29.2,0
14,4,764.88,0
499,4,45.9,0
63,16,4426.775,1
645,1,111.72,0
408,2,520.14,0
1,2,450.47,0
561,2,323.63,0
403,4,978.59,0
368,1,657.86,0
311,5,385.09000000000003,0
198,8,1442.73,0
1,2,378.28,0
431,2,187.12,0
92,15,1545.3700000000001,0
59,4,919.36,0
406,3,882.74,0
80,3,358.31,0
156,8,1714.29,0
394,5,318.40999999999997,0
226,1,488.55,0
668,1,117.25,0
481,1,28.62,0
252,2,419.39,0
149,1,136.06,0
193,2,130.72,0
0,16,4426.775,1
368,1,102.0,0
23,4,845.86,0
16,7,667.1899999999999,0
379,1,134.19,0
9,12,4426.775,1
7,1,150.73,0
542,1,113.79,0
19,10,2310.39,1
3,3,946.6,0
490,2,300.51,0
173,1,191.94,0
0,15,2599.53,1
623,8,1666.89,0
177,9,966.4100000000001,0
533,1,6.300000000000001,0
377,2,110.85,0
401,1,406.54,0
15,13,3141.92,1
247,5,506.78000000000003,0
190,3,582.88,0
19,2,884.71,0
153,9,514.19,0
172,4,702.02,0
372,1,657.1,0
372,1,233.04000000000002,0
730,1,90.92,0
193,1,191.4,0
541,1,120.34,0
646,1,121.29,0
655,1,230.53,0
643,1,133.65,0
66,1,423.63,0
427,1,207.45,0
3,8,2228.31,1
20,3,1075.91,0
417,2,934.77,0
238,2,113.54,0
378,2,271.39,0
63,1,145.35,0
111,9,705.41,0
89,16,4426.775,1
310,1,30.0,0
636,1,405.0,0
133,1,319.29,0
649,2,271.28999999999996,0
276,4,1479.38,0
364,4,692.1600000000001,0
502,3,1206.58,0
82,1,917.24,0
7,3,1497.39,0
16,2,360.94,0
31,10,4426.775,1
8,3,955.22,0
33,4,772.73,0
14,16,3082.11,1
588,1,190.75,0
23,16,4426.775,1
550,2,360.05,0
31,3,920.85,0
73,4,484.24,0
681,3,540.88,0
373,4,378.45,0
378,1,368.05,0
448,1,294.83,0
19,2,464.36,0
662,1,272.96000000000004,0
16,13,2837.03,1
450,1,426.53000000000003,0
22,12,2897.25,1
387,1,384.05,0
2,5,878.1,0
303,2,645.47,0
17,16,2288.6,1
455,5,1458.22,0
366,3,699.24,0
38,7,3227.22,1
83,1,371.01,0
164,6,1668.11,0
16,2,876.5,0
76,3,2970.5,1
602,1,312.63,0
88,7,4302.91,1
24,16,4426.775,1
604,1,316.81,0
21,8,3626.84,1
2,16,4426.775,1
122,7,2260.27,1
29,2,341.31,0
11,8,1231.09,0
18,3,730.62,0
375,2,348.92,0
43,7,1898.7,0
533,1,117.1,0
3,3,886.25,0
8,7,2655.25,1
54,3,1163.08,0
413,1,638.44,0
87,7,1583.9,0
36,16,4426.775,1
735,1,20.4,0
2,3,655.02,0
380,1,578.14,0
624,1,163.51,0
29,10,4426.775,1
474,5,2033.14,0
11,10,2409.02,1
210,2,346.27,0
47,7,3019.27,1
23,15,4426.775,1
21,4,933.26,0
245,11,1724.06,0
7,16,4426.775,1
34,5,2797.6,1
3,16,4426.775,1
37,5,1106.22,0
3,3,628.32,0
2,11,2399.2400000000002,1
46,5,1455.88,0
38,4,601.5,0
46,16,4426.775,1
16,3,805.86,0
394,2,513.95,0
259,1,609.4300000000001,0
45,3,676.36,0
11,3,396.11,0
29,1,438.15999999999997,0
42,1,236.09,0
91,15,886.36,0
595,1,80.2,0
38,16,4426.775,1
309,1,328.18,0
91,2,502.59000000000003,0
455,6,1949.65,0
5,16,4426.775,1
195,6,828.0699999999999,0
559,1,172.43,0
86,4,2404.61,1
269,5,1265.24,0
7,3,461.98,0
423,2,453.5,0
64,7,2267.63,1
30,3,672.03,0
21,8,2179.23,0
37,8,1647.24,0
434,1,337.94,0
119,8,2948.8,1
561,1,206.8,0
681,1,7.5,0
372,4,1075.23,0
39,6,1804.05,0
173,3,279.74,0
681,1,188.44,0
53,1,344.07,0
32,6,3213.39,1
144,4,1645.89,0
220,1,108.0,0
44,1,610.45,0
15,10,3737.85,1
405,1,62.7,0
65,12,3128.17,1
400,3,467.15000000000003,0
430,1,44.75,0
9,8,2551.3,1
259,1,335.32,0
724,1,110.1,0
364,8,2312.57,1
16,5,1363.65,0
562,3,2924.64,1
593,1,119.48,0
417,1,438.5,0
21,2,852.15,0
44,4,1068.9,0
287,4,3854.95,1
296,1,68.85,0
389,1,222.35,0
502,2,689.83,0
2,10,2161.75,0
625,1,429.15,0
283,2,361.73,0
16,3,654.7199999999999,0
81,4,598.76,0
55,8,4257.41,1
669,1,96.85,0
100,4,1822.91,0
298,1,427.58,0
22,12,2218.36,1
58,10,2759.4,1
388,5,634.68,0
575,2,571.9200000000001,0
385,2,251.64,0
623,1,179.66,0
154,2,315.06,0
114,6,1524.5900000000001,0
106,1,17.0,0
11,11,3268.46,1
455,1,447.05,0
263,4,1122.57,0
239,1,162.9,0
87,14,3286.4900000000002,1
49,7,1538.88,0
462,1,580.64,0
70,4,3147.51,1
41,3,1716.3400000000001,0
6,16,4426.775,1
61,9,2655.7400000000002,1
248,5,2075.77,0
65,1,108.38,0
17,7,1706.92,0
84,4,2186.58,0
218,3,647.0699999999999,0
44,4,1751.73,0
427,1,536.98,0
142,4,128.24,0
182,1,134.66,0
170,1,135.75000000000003,0
9,12,2530.08,1
211,1,566.98,0
189,3,631.15,0
652,1,1743.03,0
7,8,1392.1000000000001,0
58,6,2189.85,0
56,5,1457.89,0
72,6,789.96,0
51,1,299.88,0
316,4,1596.0900000000001,0
366,14,4426.775,1
28,15,4426.775,1
38,2,795.16,0
17,11,3476.0,1
406,3,1224.51,0
421,4,866.23,0
51,12,4426.775,1
543,2,528.8,0
3,16,4426.775,1
21,5,2031.25,0
262,2,750.7,0
59,4,834.98,0
679,1,422.7,0
378,3,582.11,0
18,5,1094.98,0
65,3,1294.45,0
87,2,868.09,0
249,1,498.99,0
2,12,4425.58,1
246,1,120.0,0
8,16,4426.775,1
156,4,871.98,0
133,5,2288.58,1
295,2,315.97,0
4,3,388.32,0
42,10,4175.14,1
268,1,1442.9,0
49,11,4344.77,1
381,5,728.95,0
8,16,4426.775,1
15,3,521.33,0
521,9,538.34,0
281,4,1205.97,0
64,2,623.1899999999999,0
1,16,4426.775,1
251,1,26.9,0
231,6,2083.73,0
16,3,771.57,0
504,1,15.0,0
427,2,421.88,0
413,5,1145.52,0
10,16,4426.775,1
7,4,1767.38,0
50,16,4426.775,1
58,1,73.2,0
94,8,1845.82,0
15,6,1374.1200000000001,0
125,7,1711.31,0
93,7,1777.34,0
420,4,1938.99,0
49,8,2119.86,0
137,2,562.85,0
60,1,200.08,0
99,13,4426.775,1
72,1,243.59,0
71,9,2100.98,0
66,4,1029.96,0
63,6,1098.84,0
16,3,630.12,0
22,16,4426.775,1
31,15,4426.775,1
44,5,1062.25,0
15,2,174.32999999999998,0
39,8,2367.43,1
2,16,4426.775,1
735,1,325.89,0
236,2,611.99,0
374,1,263.25,0
722,1,323.25,0
488,1,93.3,0
468,9,1825.21,0
74,2,997.6410000000001,0
391,7,621.0,0
3,12,4426.775,1
2,5,2063.33,0
360,9,2261.45,1
58,6,1087.4,0
22,3,916.75,0
30,7,1565.35,0
54,13,2481.11,1
24,1,355.38,0
44,10,3176.25,1
88,9,1801.3700000000001,0
1,16,4426.775,1
88,3,756.54,0
18,4,1248.08,0
78,1,127.5,0
170,4,1796.9,0
80,1,231.9,0
266,1,710.88,0
234,2,303.45000000000005,0
29,13,3699.38,1
500,1,22.95,0
36,9,2066.48,0
317,2,1291.47,0
374,2,1024.47,0
56,5,1513.67,0
44,15,2828.76,1
202,5,636.9300000000001,0
224,3,1016.47,0
384,3,766.94,0
86,6,2798.56,1
189,2,531.53,0
378,4,1070.13,0
43,7,2375.27,1
70,9,1666.91,0
475,3,327.38,0
40,9,1872.16,0
77,1,431.3,0
436,1,134.85,0
422,1,63.66,0
56,6,1224.1,0
23,2,3019.91,1
9,16,4160.1900000000005,1
7,14,4426.775,1
33,2,309.9,0
211,2,2574.88,1
23,3,1329.75,0
459,2,805.35,0
169,1,96.87,0
61,1,152.94,0
52,5,1610.57,0
260,3,786.88,0
511,1,126.96000000000001,0
382,1,288.64,0
66,7,4426.775,1
377,3,962.2,0
16,15,4426.775,1
266,3,894.56,0
176,1,15.0,0
44,15,4426.775,1
409,3,357.89,0
50,1,679.63,0
16,6,1025.5,0
377,1,735.5500000000001,0
422,1,336.61,0
437,2,789.55,0
8,12,4426.775,1
73,14,1583.9,0
590,1,153.24,0
70,2,585.2,0
437,1,700.08,0
352,1,944.74,0
2,10,3403.58,1
116,1,411.7,0
647,2,270.09000000000003,0
372,1,583.3,0
196,3,2006.39,0
176,3,955.04,0
733,1,145.44,0
99,3,817.49,0
20,9,4426.775,1
724,1,232.25,0
71,3,1960.86,0
339,3,978.78,0
5,8,4330.19,1
30,3,1015.09,0
645,1,176.9,0
476,2,325.15000000000003,0
169,5,793.4100000000001,0
469,1,107.0,0
461,1,136.31,0
464,4,1776.85,0
681,1,7.5,0
121,5,1111.93,0
21,15,4422.0,1
476,1,126.05000000000001,0
9,4,1241.88,0
625,4,1285.3700000000001,0
268,1,298.01,0
22,7,970.85,0
476,1,193.65,0
429,3,1373.33,0
736,1,107.33,0
126,1,233.22,0
25,7,4426.775,1
694,1,373.12,0
138,1,361.21999999999997,0
213,7,1129.64,0
428,3,1158.8,0
37,7,60.480000000000004,0
105,2,696.77,0
413,2,444.33,0
17,2,601.92,0
431,1,165.9,0
2,2,261.38,0
389,3,1361.95,0
330,2,377.01,0
63,13,4426.775,1
119,5,2001.72,0
34,1,322.3,0
217,1,404.40000000000003,0
171,6,4426.775,1
71,7,600.2,0
0,2,321.85,0
195,2,242.01,0
127,3,419.98,0
46,12,3275.2000000000003,1
5,16,4426.775,1
13,16,4426.775,1
562,1,310.83,0
427,4,1518.67,0
17,7,549.93,0
431,6,1173.0,0
27,11,1936.72,0
7,16,1295.46,0
491,1,266.95,0
551,7,2595.8,1
420,4,2727.74,1
36,1,148.15,0
156,1,207.35,0
283,1,105.45,0
106,3,1474.77,0
24,7,3315.06,1
74,4,269.41,0
15,3,629.9,0
157,4,841.52,0
43,2,1103.09,0
384,1,220.17,0
10,11,3314.89,1
31,8,1610.61,0
290,1,35.15,0
20,9,2178.28,0
332,13,3214.61,1
17,2,494.44,0
3,16,4426.775,1
62,5,1084.57,0
374,1,393.6,0
197,6,415.87,0
32,4,838.17,0
0,5,2898.05,1
6,16,1661.25,0
4,6,3381.26,1
9,4,844.3100000000001,0
31,6,931.88,0
52,1,105.36000000000001,0
11,2,656.39,0
17,15,2604.68,1
18,4,1459.48,0
36,3,1338.68,0
1,3,620.9,0
17,7,2573.32,1
81,4,1205.41,0
448,1,150.0,0
32,5,1304.96,0
381,2,308.49,0
65,5,1635.15,0
469,2,104.0,0
8,2,911.39,0
266,2,143.1,0
246,3,362.95,0
3,4,2118.22,0
60,1,561.83,0
395,2,248.55,0
407,2,279.59,0
74,7,2835.2,1
89,4,1308.82,0
59,5,1014.91,0
28,3,1055.55,0
322,5,838.71,0
653,1,186.05,0
52,4,1113.57,0
536,3,418.90000000000003,0
400,4,1070.51,0
269,3,749.0,0
1,16,4426.775,1
56,5,1037.81,0
60,14,3389.7400000000002,1
475,1,137.8,0
627,1,107.63,0
153,2,1420.79,0
18,3,596.79,0
94,9,2875.2799999999997,1
0,16,4426.775,1
264,2,478.05,0
311,1,177.5,0
69,1,401.45,0
301,2,89.69999999999999,0
18,3,529.9300000000001,0
12,14,2661.45,1
590,1,231.93,0
35,12,4426.775,1
733,1,75.96000000000001,0
18,4,906.84,0
53,5,632.65,0
56,2,515.83,0
21,5,536.21,0
43,3,709.24,0
26,9,2637.4,1
492,1,35.7,0
44,5,1002.53,0
112,8,1241.17,0
395,1,44.34,0
375,3,458.32,0
16,16,4426.775,1
24,1,329.40999999999997,0
190,2,400.76,0
301,1,292.4,0
1,10,1870.2,0
262,2,233.56,0
413,3,646.57,0
105,1,64.95,0
56,7,1016.69,0
212,3,623.91,0
63,1,160.44,0
27,2,380.92,0
28,12,2517.53,1
511,3,838.95,0
667,3,328.34,0
380,2,301.25,0
5,5,786.1,0
721,1,300.90000000000003,0
7,6,3809.93,1
66,5,1009.68,0
1,5,865.38,0
520,1,45.629999999999995,0
45,16,3514.73,1
33,4,594.83,0
0,2,59.06,0
135,3,712.24,0
197,2,357.37,0
197,2,689.04,0
149,3,1365.39,0
87,3,1010.7,0
630,2,332.17,0
530,2,241.56,0
44,4,30.950000000000003,0
63,11,4133.93,1
98,13,4426.775,1
217,1,179.11,0
2,16,4426.775,1
729,1,69.18,0
27,3,800.23,0
177,3,1497.45,0
73,3,120.0,0
20,4,1382.03,0
19,3,1217.84,0
420,2,728.21,0
33,15,3450.69,1
508,7,788.9399999999999,0
73,3,776.28,0
23,5,804.37,0
51,11,2406.16,1
274,4,1147.08,0
433,2,645.0,0
164,4,466.38,0
6,7,1847.1000000000001,0
87,4,442.75,0
431,1,335.85,0
63,11,4287.0,1
24,3,318.94,0
9,2,293.13,0
75,1,639.74,0
681,1,416.06,0
15,1,197.31,0
191,1,118.2,0
173,2,391.8,0
76,5,2169.2400000000002,0
537,1,134.36,0
576,2,195.7,0
32,3,385.25,0
379,2,225.7,0
435,1,205.41000000000003,0
46,2,1499.04,0
540,1,381.96,0
79,7,1824.21,0
296,1,787.38,0
2,3,612.26,0
8,6,2213.18,1
49,16,4426.775,1
160,2,100.52,0
359,8,2442.85,1
4,9,671.76,0
382,1,1149.43,0
619,2,210.5,0
106,11,3480.11,1
24,1,480.87,0
31,1,145.8,0
19,2,90.30000000000001,0
571,1,150.31,0
629,1,235.85,0
296,1,304.5,0
371,6,1972.2,0
21,6,1701.88,0
4,4,874.59,0
51,10,3074.79,1
29,1,101.69999999999999,0
276,1,162.25,0
60,4,903.12,0
24,4,482.56,0
185,6,2415.17,1
414,3,1056.58,0
435,2,386.86,0
1,16,4426.775,1
445,2,295.09000000000003,0
1,16,4426.775,1
171,2,618.11,0
80,2,1236.48,0
3,1,223.05,0
189,4,1928.8,0
667,1,45.9,0
21,11,2160.68,0
17,5,580.5,0
18,3,1036.71,0
641,1,534.6,0
4,3,906.01,0
109,1,499.52000000000004,0
640,1,23.35,0
540,3,359.07,0
2,10,3490.5099999999998,1
413,1,226.70000000000002,0
734,1,388.0,0
53,2,257.32,0
591,1,279.4,0
519,4,314.75,0
164,2,478.17,0
290,5,3524.29,1
545,1,107.19,0
598,1,24.9,0
9,16,4426.775,1
108,16,4426.775,1
95,7,1679.58,0
242,2,424.64,0
162,16,4426.775,1
41,8,2721.37,1
34,6,1529.25,0
66,16,4426.775,1
23,2,245.35,0
0,16,4426.775,1
396,1,183.85,0
26,8,2853.5,1
5,2,509.12,0
476,1,223.85999999999999,0
53,6,2984.94,1
568,1,87.8,0
363,4,496.90000000000003,0
14,5,471.63,0
193,2,674.83,0
427,2,392.4,0
2,5,1030.12,0
14,16,4426.775,1
26,10,4070.29,1
126,3,968.05,0
84,2,638.46,0
70,3,1288.43,0
419,2,530.37,0
666,1,374.0,0
625,1,156.6,0
425,1,262.2,0
182,1,105.84,0
112,1,198.33,0
373,2,531.4,0
79,5,2274.05,1
593,2,341.59,0
248,3,1293.15,0
231,1,187.85,0
385,4,1243.08,0
70,4,612.36,0
400,2,516.2,0
68,1,213.5,0
3,16,4426.775,1
50,8,934.64,0
74,1,168.44,0
60,5,1781.73,0
15,4,558.53,0
3,1,70.7,0
285,1,145.04999999999998,0
385,1,171.0,0
3,13,2025.28,0
40,3,627.34,0
35,2,743.99,0
74,2,474.55,0
562,2,404.4,0
723,1,11.34,0
403,2,331.41,0
17,16,4426.775,1
453,2,1152.79,0
14,7,4426.775,1
218,1,75.66,0
185,6,1662.67,0
32,9,3170.5,1
69,1,616.79,0
182,3,1147.04,0
625,1,278.8,0
14,2,435.52,0
235,1,120.35,0
30,5,2244.0299999999997,1
263,4,1842.42,0
3,6,1675.93,0
51,4,603.83,0
543,1,199.85,0
245,4,961.36,0
80,2,688.31,0
274,5,1616.71,0
0,16,3506.54,1
78,1,292.91,0
29,7,2297.85,1
73,2,393.43,0
406,1,106.80000000000001,0
481,7,1825.65,0
485,2,406.4,0
16,6,2683.75,1
222,6,1551.39,0
406,1,473.0,0
437,4,2563.54,1
31,4,1021.24,0
22,15,2220.9,1
30,4,1661.18,0
397,1,179.4,0
105,2,512.8100000000001,0
4,3,984.45,0
245,2,889.86,0
177,2,828.88,0
735,1,160.39,0
448,1,443.52,0
169,4,494.43,0
42,3,662.9499999999999,0
519,1,268.88,0
71,7,1816.93,0
586,1,136.2,0
58,16,4426.775,1
15,2,1170.81,0
140,8,1569.1200000000001,0
17,13,4426.775,1
21,16,4426.775,1
9,4,884.59,0
367,6,770.35,0
188,1,30.93,0
15,7,919.03,0
539,4,809.98,0
393,1,150.85,0
728,1,44.55,0
568,1,98.7,0
361,1,108.4,0
18,2,220.53,0
67,2,532.93,0
14,13,808.24,0
23,3,1313.25,0
16,16,4426.775,1
27,3,388.74,0
1,16,4426.775,1
678,1,183.93,0
54,2,316.71,0
441,2,498.86,0
33,6,2128.61,0
410,2,835.02,0
2,12,2958.39,1
365,3,696.81,0
42,3,680.3,0
72,7,1629.16,0
4,5,741.36,0
533,1,308.85,0
3,16,4426.775,1
60,2,310.65,0
46,16,4426.775,1
390,1,149.07999999999998,0
0,4,1210.7,0
75,2,358.5,0
71,4,330.53000000000003,0
417,2,141.48000000000002,0
255,4,272.85,0
68,5,1130.54,0
722,1,65.4,0
561,2,183.56,0
134,4,642.3000000000001,0
240,1,103.35,0
226,2,319.95,0
379,7,844.82,0
8,16,4426.775,1
8,16,4426.775,1
414,4,962.08,0
617,2,635.86,0
0,16,4426.775,1
36,3,480.6,0
399,4,511.24,0
45,1,631.03,0
84,14,4426.775,1
18,16,4426.775,1
2,9,1867.49,0
8,13,3993.3,1
18,16,4426.775,1
218,4,1277.8,0
77,2,301.94,0
266,3,617.7,0
23,14,4426.775,1
368,5,3415.7000000000003,1
14,14,3680.27,1
25,3,621.99,0
261,1,292.47,0
16,16,4426.775,1
90,4,1001.77,0
404,1,147.35,0
301,14,1795.26,0
25,7,2060.3,0
363,4,1387.77,0
45,4,1010.17,0
37,16,4426.775,1
51,3,699.6899999999999,0
647,1,174.05,0
31,4,3898.14,1
529,1,259.68,0
51,3,589.66,0
78,14,4426.775,1
505,5,2729.9500000000003,1
52,2,78.3,0
297,1,3.75,0
176,2,753.38,0
394,1,231.36,0
624,1,172.16,0
46,14,1437.86,0
28,14,4115.32,1
10,7,1230.35,0
86,16,4426.775,1
4,16,4426.775,1
37,2,781.89,0
17,14,3637.33,1
590,2,2702.42,1
44,5,541.63,0
30,1,496.01,0
372,1,245.4,0
57,1,221.42000000000002,0
371,16,4426.775,1
113,7,2776.63,1
214,7,1257.82,0
318,2,269.85,0
64,1,312.32,0
7,3,744.77,0
429,1,228.0,0
96,1,255.03,0
19,3,1434.48,0
198,2,798.85,0
3,13,2757.15,1
293,2,421.43,0
272,2,1124.9,0
30,15,4426.775,1
47,9,1465.4,0
259,4,1037.25,0
57,9,1818.48,0
32,10,3727.09,1
422,3,2840.0,1
56,3,377.2,0
67,8,1525.79,0
9,16,2823.39,1
59,2,612.4,0
79,5,1226.81,0
73,2,243.94,0
1,16,4426.775,1
99,3,583.45,0
371,2,880.35,0
9,16,4426.775,1
436,1,391.05,0
19,5,895.63,0
409,1,519.0,0
393,1,19.439999999999998,0
397,4,987.63,0
122,5,1930.1,0
7,1,80.8,0
3,6,1536.71,0
28,15,3842.23,1
281,5,595.61,0
56,1,241.84,0
0,15,2028.08,0
364,3,2459.64,1
88,1,305.62,0
392,5,1743.54,0
553,3,750.61,0
431,2,474.58,0
10,1,1104.5,0
162,4,1446.23,0
678,2,582.61,0
64,1,332.3,0
22,3,509.59000000000003,0
173,5,1049.39,0
102,4,757.99,0
142,6,2064.63,0
98,2,268.42,0
22,9,1724.43,0
191,2,749.84,0
4,2,502.71999999999997,0
360,4,2189.51,0
7,10,1614.8,0
13,16,4426.775,1
453,2,395.67,0
102,4,416.16,0
2,13,2617.7400000000002,1
10,11,3240.7,1
464,2,142.03,0
95,1,461.27000000000004,0
381,1,88.2,0
685,1,172.96,0
226,7,2196.85,0
15,3,662.84,0
38,5,1440.51,0
50,1,331.95,0
392,5,284.99,0
92,2,121.0,0
156,2,497.87,0
38,4,1193.29,0
564,1,91.8,0
183,5,361.40999999999997,0
0,6,2048.59,0
227,2,886.21,0
127,6,1456.6100000000001,0
39,4,730.67,0
30,11,2829.44,1
196,4,925.56,0
8,16,4426.775,1
602,2,137.85,0
36,12,3910.21,1
100,3,1190.49,0
42,16,4426.775,1
562,2,607.44,0
617,1,246.18,0
49,3,828.85,0
42,2,576.5400000000001,0
52,4,1409.62,0
186,1,114.77,0
333,1,328.63,0
3,3,333.63,0
9,2,108.46000000000001,0
416,2,1352.79,0
23,2,315.8,0
14,3,357.59000000000003,0
442,1,340.05,0
368,10,4426.775,1
144,7,1600.35,0
452,3,1171.92,0
59,5,875.32,0
546,4,598.02,0
30,3,971.28,0
433,2,345.9,0
401,1,125.19,0
140,3,183.24,0
689,1,76.74000000000001,0
393,3,357.19,0
22,4,790.47,0
468,1,438.51,0
21,6,2694.7400000000002,1
76,6,445.26,0
4,12,4426.775,1
378,1,214.29,0
66,11,3974.4900000000002,1
403,1,135.01,0
11,6,832.37,0
83,1,13.3,0
30,8,1628.69,0
66,1,19.439999999999998,0
66,3,671.97,0
186,16,2087.79,0
37,4,958.4,0
14,4,681.24,0
455,1,134.0,0
34,3,644.62,0
400,3,365.8,0
194,6,2362.19,1
476,3,193.61,0
1,11,1981.64,0
0,7,673.76,0
366,2,386.27,0
501,3,1188.56,0
64,5,1085.32,0
554,1,94.45,0
298,2,259.23,0
25,5,979.61,0
7,8,1597.98,0
16,3,848.91,0
728,1,170.71,0
115,1,1446.65,0
28,3,1042.83,0
3,16,4426.775,1
4,16,4426.775,1
81,7,1278.71,0
28,9,1623.7,0
721,1,252.59,0
71,1,297.06,0
3,8,1437.51,0
635,2,252.8,0
28,15,4238.96,1
289,3,245.51,0
35,1,184.86,0
8,11,719.63,0
23,4,1083.9,0
276,2,1442.53,0
49,16,3100.29,1
155,16,4426.775,1
410,1,307.2,0
60,3,395.12,0
572,1,590.23,0
11,16,4426.775,1
20,3,833.25,0
539,1,123.65,0
370,5,1198.8,0
115,3,162.53,0
79,16,3547.32,1
3,7,1280.0,0
25,3,364.36,0
4,16,4426.775,1
52,3,423.06,0
0,9,2993.69,1
54,6,2052.96,0
381,3,535.1,0
25,2,548.01,0
498,1,202.1,0
8,9,4426.775,1
488,3,427.11,0
51,8,4426.775,1
611,1,33.0,0
12,9,1857.29,0
211,5,738.6800000000001,0
609,1,97.36,0
21,16,4426.775,1
382,5,1179.89,0
235,5,917.66,0
138,7,646.97,0
3,6,768.08,0
56,10,3338.19,1
134,3,1225.6200000000001,0
108,5,755.83,0
29,1,20.8,0
0,16,4426.775,1
184,6,1062.72,0
17,1,270.04,0
238,2,406.84000000000003,0
434,1,764.25,0
86,1,117.35000000000001,0
38,8,2006.63,0
115,3,762.51,0
409,1,248.59,0
186,1,110.55000000000001,0
732,2,207.85,0
226,1,170.41,0
7,7,879.3399999999999,0
188,1,312.93,0
3,2,430.73,0
38,3,607.85,0
625,1,71.4,0
37,1,198.71,0
382,2,748.8000000000001,0
385,1,127.0,0
522,2,365.5,0
422,3,831.26,0
266,1,148.62,0
394,4,466.1,0
77,3,639.48,0
3,9,2592.7,1
254,3,1262.05,0
60,1,384.06,0
12,11,3368.89,1
87,9,4426.775,1
16,16,4426.775,1
29,11,2868.14,1
2,11,2365.1,1
4,2,336.07,0
6,6,462.9,0
218,2,92.88,0
420,1,1036.53,0
10,13,4426.775,1
463,2,1544.4,0
29,9,2087.3900000000003,0
287,3,485.55,0
149,5,319.05,0
22,2,353.25,0
395,2,365.35,0
0,16,4426.775,1
85,7,2232.66,1
401,4,824.91,0
45,4,1805.48,0
470,2,435.43,0
4,8,1604.32,0
50,7,1044.8400000000001,0
428,1,81.36,0
550,1,159.63,0
17,1,189.51000000000002,0
29,3,495.51,0
724,1,382.06,0
7,3,555.38,0
28,3,1822.01,0
576,1,495.21999999999997,0
2,16,4426.775,1
40,6,2244.05,1
10,11,3893.62,1
541,2,927.77,0
441,6,965.36,0
30,2,245.3,0
416,3,786.58,0
44,3,95.85,0
60,5,1133.1399999999999,0
184,3,122.42999999999999,0
78,9,1120.72,0
580,3,1542.66,0
110,7,672.43,0
63,1,138.78,0
11,6,1525.46,0
547,8,2839.14,1
85,4,1055.3,0
15,5,1236.72,0
245,4,571.84,0
382,1,152.05,0
87,1,1257.32,0
29,2,708.86,0
603,1,1769.6200000000001,0
137,2,390.8,0
26,6,1640.46,0
2,5,1026.31,0
31,8,2324.89,1
24,12,4426.775,1
112,5,645.96,0
156,5,1626.56,0
84,6,2202.73,1
117,7,1988.15,0
2,16,4426.775,1
95,11,3965.4900000000002,1
193,4,705.85,0
27,1,402.15,0
130,1,463.08000000000004,0
27,5,1208.23,0
445,1,234.4,0
737,1,127.7,0
595,1,283.34,0
81,3,1125.59,0
29,9,4426.775,1
265,1,96.57000000000001,0
73,11,3864.66,1
313,6,1196.81,0
20,13,3575.25,1
58,3,805.2,0
637,2,165.3,0
725,1,228.34,0
724,3,341.28999999999996,0
11,16,4426.775,1
27,14,4426.775,1
113,2,439.97,0
27,13,3633.77,1
624,1,277.15,0
17,4,1383.35,0
562,1,124.3,0
17,10,2158.83,0
35,6,1099.35,0
577,1,202.5,0
35,2,333.83,0
77,1,118.80000000000001,0
21,7,821.79,0
24,6,886.44,0
32,6,4267.28,1
108,9,3625.69,1
34,3,4426.775,1
122,16,4426.775,1
6,6,1584.5,0
737,1,221.53,0
27,4,1899.1100000000001,0
385,1,128.45,0
3,13,2773.84,1
2,16,4426.775,1
49,11,4426.775,1
592,1,231.18,0
321,2,399.5,0
22,7,2316.5,1
14,11,3551.68,1
1,9,1253.45,0
381,3,530.62,0
532,1,558.97,0
17,2,965.89,0
9,7,2132.9900000000002,0
261,1,15.0,0
721,1,418.21000000000004,0
423,1,454.78,0
158,2,646.18,0
388,1,465.33000000000004,0
32,10,4426.775,1
663,1,174.95,0
28,8,1271.15,0
164,3,424.3,0
46,2,445.1,0
502,1,205.17,0
573,6,2194.2400000000002,0
5,8,727.17,0
7,7,2552.7400000000002,1
647,1,367.90999999999997,0
287,1,110.85,0
317,1,157.02,0
2,2,570.82,0
232,1,282.96,0
402,1,300.04,0
118,4,570.5,0
161,3,887.37,0
184,1,297.09000000000003,0
49,1,224.45000000000002,0
151,9,1995.2,0
428,5,1104.78,0
334,1,154.09,0
519,1,29.85,0
4,5,2320.4700000000003,1
451,2,1108.1,0
15,12,2620.62,1
106,3,605.25,0
15,10,1570.0,0
661,1,207.32,0
415,6,1132.28,0
275,7,4164.25,1
15,16,4426.775,1
246,1,261.77,0
417,4,730.69,0
238,4,976.5,0
416,2,827.5600000000001,0
0,2,864.9300000000001,0
512,4,2863.1800000000003,1
105,13,4426.775,1
22,9,2762.46,1
51,1,124.88,0
450,1,135.0,0
376,6,1308.3,0
734,1,231.90000000000003,0
194,4,1000.22,0
23,1,213.78,0
74,1,312.87,0
17,7,705.79,0
491,1,589.98,0
7,16,3923.43,1
31,5,1904.4,0
21,5,1982.63,0
30,16,4426.775,1
443,1,841.21,0
28,10,1653.26,0
21,4,690.12,0
32,7,2433.7,1
283,6,1726.97,0
38,2,206.34,0
379,3,840.96,0
498,1,389.42,0
57,3,1133.9,0
373,2,178.68,0
288,2,356.69,0
78,3,774.3,0
4,8,3610.75,1
217,1,59.9,0
43,4,1232.92,0
201,3,833.37,0
504,1,109.15,0
730,1,370.51,0
177,6,1504.81,0
55,11,2088.34,0
56,3,192.57,0
422,2,321.3,0
7,6,2897.94,1
568,2,197.96,0
591,3,229.46,0
46,2,38.879999999999995,0
226,2,356.72,0
10,13,4217.45,1
105,5,942.46,0
58,7,1062.29,0
27,15,4426.775,1
535,1,72.58,0
35,9,1717.66,0
273,3,695.56,0
654,1,496.77,0
427,1,342.2,0
29,1,928.8100000000001,0
23,3,1085.43,0
581,1,119.47,0
386,4,196.15,0
53,4,1134.11,0
420,1,160.65,0
35,10,2984.27,1
174,9,4426.775,1
53,3,412.46999999999997,0
52,1,204.24,0
651,1,288.91,0
395,1,115.35,0
648,3,306.05,0
392,1,251.48,0
26,13,3920.88,1
252,3,633.85,0
39,13,4426.775,1
59,6,917.57,0
463,1,163.65,0
553,1,64.05,0
233,2,199.25,0
3,16,3999.79,1
31,2,258.38,0
23,16,4376.03,1
6,5,890.81,0
64,6,1540.04,0
309,3,710.03,0
500,1,60.31,0
581,1,131.15,0
308,3,602.67,0
18,12,1490.27,0
15,13,3141.28,1
95,2,316.31,0
263,16,4426.775,1
11,16,4426.775,1
2,2,421.52,0
34,3,531.91,0
182,1,136.54000000000002,0
24,8,1780.98,0
12,12,1580.1200000000001,0
10,4,992.78,0
2,16,4426.775,1
312,4,876.2,0
595,1,122.95,0
384,12,2569.04,1
107,5,2628.6,1
0,16,4426.775,1
52,5,1575.8,0
204,2,350.03,0
546,2,36.47,0
14,1,253.09,0
119,2,528.3100000000001,0
428,1,68.03,0
3,2,352.67,0
362,3,800.48,0
116,2,344.26,0
17,1,158.01,0
4,3,459.18,0
40,4,765.36,0
106,5,364.38,0
435,2,138.26,0
396,2,417.3,0
147,6,1823.07,0
410,1,88.5,0
509,1,225.54,0
51,11,1554.31,0
207,1,63.440000000000005,0
423,1,263.19,0
138,2,555.1,0
1,5,496.03000000000003,0
126,2,281.02,0
107,11,935.33,0
385,1,517.0600000000001,0
468,2,468.67,0
735,1,202.04,0
41,4,2046.81,0
423,1,141.12,0
34,2,564.98,0
382,1,96.37,0
401,1,447.79,0
227,2,1048.05,0
240,2,238.79,0
57,1,139.28,0
437,1,118.85999999999999,0
373,6,447.45,0
129,5,1364.54,0
378,1,156.05,0
59,8,2503.31,1
627,2,372.74,0
21,3,338.37,0
25,16,3642.67,1
8,11,2196.1,1
31,9,1980.85,0
3,8,1292.44,0
307,1,202.5,0
471,2,208.0,0
7,16,3314.61,1
668,2,382.77,0
28,3,520.03,0
729,1,277.17,0
16,1,125.43,0
100,5,839.32,0
11,6,974.07,0
390,2,334.29,0
20,2,321.73,0
14,5,1111.98,0
360,1,237.24,0
533,1,91.75,0
648,1,638.0600000000001,0
10,16,2745.66,1
394,11,1857.93,0
392,2,167.67,0
94,3,309.94,0
386,2,137.7,0
77,6,2796.71,1
138,3,252.89,0
30,1,1309.8600000000001,0
24,16,4426.775,1
1,16,4426.775,1
419,1,124.45,0
45,3,763.29,0
724,1,161.38,0
668,1,29.1,0
99,6,2799.68,1
7,6,1567.2,0
375,5,898.88,0
14,12,1565.59,0
17,12,1785.06,0
279,3,543.85,0
407,2,304.71,0
409,2,141.92000000000002,0
672,1,63.45,0
13,5,995.97,0
22,4,356.4,0
123,1,120.0,0
527,5,748.35,0
85,1,490.47,0
301,3,552.84,0
383,2,478.3,0
471,1,45.629999999999995,0
150,4,1944.77,0
16,16,4426.775,1
93,3,343.04,0
29,16,4426.775,1
156,5,1807.64,0
379,4,1022.37,0
354,6,1167.64,0
45,2,452.86,0
14,10,1384.33,0
3,16,4426.775,1
85,1,28.62,0
14,9,2340.25,1
178,5,620.5,0
7,7,1779.701,0
35,12,1950.98,0
695,1,36.25,0
128,4,583.1999999999999,0
50,4,1376.31,0
385,1,236.32,0
311,5,829.8299999999999,0
23,2,372.29,0
302,5,837.75,0
10,2,249.42000000000002,0
16,6,1173.68,0
48,5,860.7900000000001,0
238,7,971.84,0
394,3,856.71,0
0,16,4426.775,1
12,15,4426.775,1
431,2,979.74,0
237,1,164.79,0
22,14,1997.69,0
455,1,22.95,0
72,4,435.9,0
16,6,623.55,0
40,16,4120.31,1
39,7,1166.15,0
218,3,693.21,0
198,4,648.95,0
70,4,440.64,0
23,16,4426.775,1
373,1,7.5,0
10,1,385.9,0
433,3,618.75,0
8,16,4426.775,1
64,8,712.62,0
3,2,283.04,0
18,3,454.0,0
14,1,258.66,0
7,7,1024.63,0
19,2,733.73,0
77,11,821.22,0
0,16,4426.775,1
420,1,149.3,0
163,2,85.86,0
306,3,560.2,0
410,2,325.41,0
218,1,65.34,0
507,1,86.25,0
38,14,3725.91,1
21,3,1179.42,0
114,3,588.78,0
125,8,4426.775,1
540,1,112.95,0
4,16,3251.03,1
35,2,369.62,0
3,16,4426.775,1
0,3,979.26,0
332,13,3973.87,1
411,1,524.4,0
162,3,198.21,0
184,10,4426.775,1
15,5,1115.16,0
11,5,1406.38,0
2,16,3769.49,1
404,2,369.39,0
43,6,238.44,0
79,1,243.44,0
29,16,4426.775,1
548,1,163.73000000000002,0
41,3,643.72,0
10,16,4426.775,1
49,6,1022.83,0
385,3,1045.69,0
15,11,3326.2200000000003,1
45,3,918.49,0
18,2,738.62,0
7,13,4426.775,1
71,1,100.8,0
0,16,4426.775,1
127,5,1320.04,0
32,4,724.98,0
312,1,395.34999999999997,0
17,9,1696.24,0
87,2,542.71,0
1,7,2252.0,1
410,1,276.75,0
1,5,531.36,0
529,1,355.27,0
253,5,1318.93,0
655,1,239.37,0
156,4,188.94,0
731,1,292.09000000000003,0
36,15,4426.775,1
219,1,28.62,0
147,3,2204.36,1
176,2,120.9,0
39,2,541.53,0
496,16,4426.775,1
1,13,4426.775,1
7,16,4426.775,1
0,7,1699.16,0
17,2,479.96999999999997,0
191,10,1493.64,0
203,1,126.8,0
364,2,1180.35,0
126,14,3425.34,1
14,2,527.48,0
42,2,619.67,0
93,16,2153.02,0
22,3,727.88,0
59,2,664.94,0
15,7,2484.61,1
157,3,902.78,0
425,7,2458.0,1
9,2,681.88,0
394,1,87.9,0
9,3,194.8,0
15,16,4426.775,1
44,11,2596.4,1
474,1,321.65000000000003,0
190,4,929.2,0
408,2,587.2,0
599,1,750.45,0
78,1,194.37,0
395,2,417.31,0
612,2,917.5,0
407,2,1219.1000000000001,0
632,1,389.26000000000005,0
77,2,902.03,0
3,4,1190.78,0
486,2,736.14,0
64,4,563.08,0
575,2,165.47,0
260,1,391.97,0
727,1,148.10000000000002,0
640,1,336.5,0
58,2,372.86,0
0,9,2355.68,1
0,16,4426.775,1
247,3,1067.77,0
384,1,100.91000000000001,0
501,1,49.8,0
7,3,766.22,0
358,4,1301.5900000000001,0
389,2,265.5,0
75,1,246.0,0
289,2,1201.13,0
16,3,127.5,0
220,2,281.85,0
8,4,665.37,0
2,2,546.74,0
205,16,4426.775,1
161,5,2317.9,1
75,1,302.2,0
261,2,597.23,0
280,8,4024.41,1
57,8,4426.775,1
24,2,493.35,0
2,16,4426.775,1
28,16,3773.87,1
71,3,959.28,0
127,2,540.83,0
30,9,1290.03,0
14,6,894.8100000000001,0
308,1,143.44,0
425,2,312.6,0
16,15,4386.77,1
53,1,509.12,0
29,5,1233.02,0
1,5,916.7,0
10,4,336.42,0
360,3,521.78,0
359,3,1030.95,0
4,12,3195.59,1
53,4,869.9200000000001,0
0,8,3250.87,1
609,2,1175.95,0
0,12,2962.32,1
189,3,1210.01,0
385,1,65.34,0
434,1,34.8,0
53,5,1628.93,0
279,1,164.4,0
176,3,278.38,0
29,2,856.42,0
25,1,95.9,0
617,4,1146.32,0
24,6,1586.6000000000001,0
509,1,114.66,0
269,3,335.0,0
549,1,119.05,0
389,3,912.44,0
42,6,1230.77,0
375,2,587.25,0
233,4,720.01,0
23,2,103.83000000000001,0
196,9,2307.73,1
358,1,305.84,0
59,12,2945.68,1
129,4,464.4,0
0,5,1588.53,0
19,5,1056.29,0
205,2,251.97000000000003,0
13,4,570.01,0
392,1,247.02,0
512,1,145.57,0
94,9,1462.76,0
18,4,702.3100000000001,0
13,7,1103.66,0
577,2,387.13,0
23,3,446.86,0
586,1,130.38,0
7,2,871.81,0
6,9,4426.775,1
632,1,382.79,0
331,1,321.44,0
381,1,7.5,0
49,5,1583.83,0
70,10,705.0600000000001,0
28,3,361.28000000000003,0
242,1,178.3,0
666,1,133.35,0
7,16,4426.775,1
644,2,348.75,0
217,7,1020.8000000000001,0
4,4,689.13,0
252,5,536.87,0
0,16,4426.775,1
235,5,1201.86,0
559,1,135.95,0
6,6,4296.91,1
108,7,1855.38,0
618,1,167.4,0
627,1,170.26,0
99,7,2223.34,1
59,16,4426.775,1
1,3,1407.26,0
72,8,2572.4700000000003,1
738,1,148.3,0
3,11,4426.775,1
84,4,2470.68,1
11,2,379.94,0
22,13,3614.7000000000003,1
213,5,3023.2,1
380,1,408.18,0
477,1,52.05,0
17,1,148.71,0
238,2,405.09,0
1,14,4426.775,1
77,4,1541.68,0
216,6,926.29,0
589,1,152.75,0
736,1,87.30000000000001,0
375,1,323.31,0
32,4,498.53,0
40,11,1749.23,0
539,5,1496.53,0
6,16,4426.775,1
52,16,4426.775,1
22,14,4389.9,1
56,1,380.47,0
129,6,663.7,0
173,4,344.25,0
558,1,395.33,0
5,11,3779.8,1
311,1,217.62,0
59,1,77.44,0
20,6,2675.37,1
597,2,1088.81,0
32,7,2191.92,0
14,4,1514.48,0
17,8,4426.775,1
602,1,249.1,0
478,1,170.98,0
80,1,75.75,0
5,10,2311.34,1
169,2,399.4,0
1,7,971.88,0
30,7,2001.69,0
35,9,2229.77,1
423,3,1136.28,0
18,1,285.56,0
30,2,532.01,0
646,2,157.95,0
275,6,570.95,0
86,6,2321.4,1
119,5,1779.26,0
372,2,526.95,0
0,16,4426.775,1
218,12,3847.11,1
64,3,273.51,0
60,5,2111.9700000000003,0
137,3,1527.16,0
20,1,166.08,0
11,16,4426.775,1
24,12,4426.775,1
36,4,714.61,0
276,1,110.65,0
10,9,3159.64,1
72,5,1573.4,0
429,1,126.0,0
25,2,422.88,0
16,14,3587.93,1
140,2,351.74,0
661,2,363.71999999999997,0
25,16,4426.775,1
18,4,1130.68,0
492,1,344.4,0
3,5,1349.6399999999999,0
65,9,3779.25,1
0,2,280.25,0
42,10,3752.0,1
227,1,203.9,0
15,5,2101.86,0
49,7,4426.775,1
1,13,3925.27,1
73,2,500.61,0
0,16,4426.775,1
3,10,2725.88,1
1,16,4426.775,1
263,2,559.11,0
52,7,3125.79,1
23,3,372.2,0
596,5,485.24,0
9,11,4388.85,1
385,3,766.8,0
43,1,231.01,0
16,12,4426.775,1
6,9,4426.775,1
420,1,426.68,0
393,1,301.5,0
387,2,316.45,0
29,16,4426.775,1
357,4,767.5500000000001,0
126,12,2853.59,1
136,1,196.47,0
141,3,1406.98,0
131,5,1383.77,0
37,16,4426.775,1
235,1,328.25,0
260,1,154.95,0
476,2,411.25,0
16,14,4426.775,1
252,1,388.65,0
29,6,2548.0,1
34,4,1088.99,0
168,2,835.89,0
2,11,2015.74,0
3,16,4426.775,1
184,8,443.55,0
187,4,880.9300000000001,0
169,5,553.56,0
423,1,268.19,0
10,2,384.8,0
44,1,448.21,0
381,4,1149.09,0
320,5,1319.19,0
200,2,45.9,0
22,16,4426.775,1
420,1,366.62,0
231,2,415.63,0
37,15,4426.775,1
25,10,2507.08,1
658,1,307.21000000000004,0
95,5,3730.63,1
126,7,882.1000000000001,0
70,3,1000.2,0
15,11,3267.88,1
394,7,1076.41,0
14,1,1035.85,0
3,5,4076.35,1
595,1,429.2,0
2,16,4426.775,1
78,6,1569.74,0
372,8,2290.27,1
38,2,645.78,0
53,6,1367.33,0
1,16,4426.775,1
8,3,313.09000000000003,0
8,2,160.59,0
18,13,3879.65,1
11,16,4426.775,1
388,6,296.46000000000004,0
406,2,87.45,0
112,11,1657.5800000000002,0
447,1,198.45000000000002,0
3,7,2256.97,1
477,2,487.19,0
239,4,708.63,0
112,1,71.4,0
526,1,324.65,0
177,3,940.74,0
4,9,1487.93,0
420,1,145.52,0
358,1,11.34,0
463,4,384.76,0
0,13,3265.0099999999998,1
375,3,703.53,0
0,16,4426.775,1
18,12,4426.775,1
16,5,1180.94,0
21,6,774.27,0
32,1,584.29,0
455,1,122.82,0
262,4,83.7,0
50,5,1581.99,0
158,4,470.85,0
380,2,295.81,0
14,2,412.3,0
7,7,3054.54,1
12,16,4426.775,1
198,5,939.97,0
56,4,361.51,0
10,3,351.17,0
513,2,579.5699999999999,0
96,9,3099.36,1
254,1,56.4,0
386,2,317.83,0
24,3,662.41,0
661,1,143.10000000000002,0
20,3,635.53,0
666,3,346.76,0
158,2,144.67000000000002,0
382,2,634.71,0
71,3,374.08,0
549,1,103.83,0
52,3,369.88,0
84,2,272.51,0
152,4,2493.67,1
73,2,292.45,0
280,2,383.4,0
26,16,2664.66,1
29,1,106.1,0
466,2,355.0,0
24,1,254.19,0
686,2,147.3,0
179,2,335.45,0
39,7,1318.89,0
21,8,1936.42,0
581,1,183.09,0
21,16,4426.775,1
36,9,1111.76,0
450,3,777.3299999999999,0
81,10,4426.775,1
391,1,179.41,0
375,3,372.84000000000003,0
73,2,306.06,0
10,1,518.28,0
394,3,417.32,0
548,4,223.79,0
15,16,4426.775,1
668,2,330.31,0
3,16,4426.775,1
12,7,1085.94,0
13,5,1576.08,0
374,2,1459.03,0
392,1,385.5,0
36,6,112.32,0
3,6,585.65,0
737,1,130.18,0
71,12,4277.87,1
373,1,165.53,0
405,1,286.92,0
419,5,1769.71,0
420,2,460.55,0
50,1,261.21999999999997,0
598,4,525.53,0
373,1,134.14000000000001,0
4,6,2306.19,1
22,4,1176.7,0
298,5,4260.35,1
1,3,373.25,0
32,1,35.400000000000006,0
49,1,153.66,0
722,1,339.46,0
414,2,474.34000000000003,0
2,3,324.0,0
46,1,110.21000000000001,0
41,8,1453.73,0
26,13,4426.775,1
41,1,338.8,0
443,1,183.27,0
1,16,4426.775,1
601,1,402.39000000000004,0
302,2,321.88,0
106,1,51.559999999999995,0
554,4,559.39,0
84,1,7.5,0
515,2,127.69000000000001,0
80,16,2520.0299999999997,1
217,8,663.33,0
371,16,4426.775,1
421,6,1519.49,0
11,5,660.76,0
406,3,1500.29,0
184,6,943.8100000000001,0
372,1,413.04,0
1,4,556.13,0
3,16,2525.02,1
5,16,4426.775,1
304,1,142.36,0
368,4,964.59,0
2,16,4426.775,1
323,4,1207.39,0
58,12,4426.775,1
12,5,910.82,0
30,16,4426.775,1
142,3,829.3000000000001,0
29,15,901.5500000000001,0
385,1,229.75,0
106,7,810.99,0
1,13,1766.76,0
204,5,1002.89,0
381,1,216.97,0
79,16,4426.775,1
184,6,632.4,0
687,1,167.1,0
399,3,188.73,0
169,1,218.01,0
43,3,1333.03,0
173,1,177.17,0
364,3,816.37,0
303,1,133.35000000000002,0
378,2,302.66,0
2,7,909.05,0
3,16,2878.37,1
11,1,188.44,0
31,6,1255.66,0
128,1,84.55,0
20,16,1581.16,0
211,7,756.87,0
322,2,580.11,0
161,1,203.85999999999999,0
55,3,212.45,0
224,1,97.69,0
71,16,2361.68,1
43,1,95.53999999999999,0
22,1,48.06,0
172,9,2199.59,0
84,4,274.74,0
158,1,138.60999999999999,0
189,2,104.69999999999999,0
28,3,161.78,0
546,1,157.45,0
393,1,376.74,0
20,1,169.72,0
70,13,1553.28,0
246,1,63.45,0
640,1,85.75,0
373,5,1316.78,0
736,1,122.4,0
725,1,260.8,0
8,1,354.26,0
309,6,347.79,0
58,14,3418.4900000000002,1
3,1,297.45,0
550,1,225.38,0
628,2,38.65,0
44,3,331.83,0
500,3,308.07,0
87,2,1386.06,0
3,16,4426.775,1
63,10,2303.75,1
542,1,168.5,0
281,3,282.15,0
11,8,2405.82,1
372,1,183.06,0
132,5,961.22,0
721,1,294.0,0
44,3,271.84000000000003,0
10,12,2261.95,1
35,13,2702.77,1
133,14,2959.16,1
28,3,1301.42,0
631,1,114.69,0
51,3,878.61,0
137,7,653.49,0
4,1,382.24,0
8,7,2916.15,1
419,1,143.39000000000001,0
159,1,99.14,0
48,16,326.58,0
130,4,362.60999999999996,0
7,1,58.6,0
422,1,74.96,0
696,3,331.6,0
232,2,109.78,0
36,1,170.43,0
146,1,67.23,0
0,16,4426.775,1
71,7,1317.49,0
39,4,1175.73,0
377,4,688.06,0
539,1,157.82,0
4,16,3771.94,1
198,6,462.62,0
248,1,7.5,0
65,1,108.67,0
116,2,685.48,0
591,1,64.2,0
170,3,134.63,0
20,16,2734.71,1
141,4,664.42,0
470,4,587.36,0
31,2,662.92,0
37,16,4426.775,1
37,10,1063.37,0
371,2,344.14,0
373,4,799.39,0
165,16,2103.71,0
210,1,434.85,0
547,1,161.04,0
241,1,119.89,0
51,1,332.72,0
24,6,1795.35,0
14,16,4426.775,1
371,1,688.08,0
28,2,1250.38,0
364,4,785.53,0
35,4,724.91,0
165,4,707.94,0
410,1,197.97,0
680,1,135.57,0
394,1,158.01,0
144,5,1131.94,0
21,1,613.05,0
55,1,20.8,0
184,5,900.62,0
11,14,431.79,0
378,1,220.85,0
236,6,1516.3600000000001,0
224,3,289.9,0
388,1,249.08,0
616,1,229.94,0
121,11,1997.86,0
281,3,424.72,0
379,3,420.34,0
73,8,1700.44,0
379,3,461.65,0
36,3,697.7,0
563,1,75.95,0
11,6,844.01,0
375,4,210.12,0
375,1,309.14,0
361,1,160.97,0
3,2,223.77,0
22,4,821.77,0
392,1,209.87,0
69,16,1878.89,0
234,8,2034.33,0
256,1,151.6,0
372,2,493.43,0
722,1,76.15,0
154,2,166.53,0
27,1,165.52,0
3,1,120.03,0
31,7,1735.19,0
80,4,185.76,0
107,4,214.14,0
51,1,36.0,0
543,1,181.03,0
509,2,213.26,0
35,5,1594.31,0
152,2,277.78,0
379,6,1135.43,0
500,2,954.78,0
98,1,115.31,0
582,1,133.4,0
641,1,351.15,0
3,2,160.10000000000002,0
378,1,452.68,0
333,1,73.5,0
64,1,90.55,0
21,3,740.36,0
35,5,776.53,0
31,11,1430.48,0
153,15,134.72,0
555,1,136.51,0
373,4,543.11,0
18,2,355.20000000000005,0
11,16,4426.775,1
53,2,247.1,0
24,3,839.92,0
3,16,3177.66,1
44,1,186.15,0
649,1,141.98000000000002,0
380,2,307.39,0
202,3,346.33,0
436,2,539.37,0
358,2,390.54,0
633,7,1644.26,0
564,1,283.5,0
70,3,561.72,0
392,1,176.5,0
6,14,4426.775,1
287,2,522.15,0
392,3,1027.14,0
9,3,533.4599999999999,0
22,3,305.56,0
407,2,1107.44,0
21,16,4426.775,1
172,6,1496.8700000000001,0
390,2,186.60000000000002,0
132,11,2427.7799999999997,1
5,16,4426.775,1
74,3,1313.1000000000001,0
39,1,371.53,0
288,1,45.0,0
25,11,4426.775,1
668,1,314.1,0
257,6,1398.28,0
185,1,247.44,0
113,12,1600.25,0
373,2,1279.89,0
22,16,4426.775,1
379,1,95.72,0
7,16,4276.07,1
216,4,809.69,0
44,5,1689.72,0
18,2,102.6,0
35,3,324.42,0
25,1,674.84,0
397,1,393.86,0
15,3,176.58,0
329,4,1645.75,0
273,1,101.34,0
97,16,4426.775,1
60,1,156.17000000000002,0
446,1,360.5,0
421,1,301.28,0
592,1,309.2,0
1,16,4426.775,1
92,8,2444.6,1
81,13,4426.775,1
312,5,1582.98,0
11,6,1727.43,0
7,11,4218.36,1
395,1,512.19,0
126,1,167.85999999999999,0
549,1,429.55,0
10,5,596.56,0
0,16,4426.775,1
548,1,80.25,0
36,1,724.64,0
37,1,111.03,0
329,6,1401.76,0
441,1,154.79,0
253,3,826.71,0
1,16,4426.775,1
19,2,431.63,0
588,1,368.3,0
11,4,684.36,0
368,1,57.24,0
289,1,190.4,0
697,1,9.700000000000001,0
67,13,2037.03,0
25,1,285.41,0
10,16,4426.775,1
367,1,333.7,0
213,1,105.35,0
148,2,669.35,0
7,6,1756.59,0
23,3,566.28,0
471,1,111.53,0
29,4,1101.76,0
60,1,206.07999999999998,0
18,4,516.77,0
536,1,416.8,0
242,1,107.30000000000001,0
14,3,1019.85,0
631,1,103.85999999999999,0
503,1,225.9,0
211,1,18.63,0
597,2,424.35,0
28,10,821.36,0
62,5,1614.8600000000001,0
550,2,134.84,0
294,1,142.8,0
17,6,4426.775,1
473,1,531.8199999999999,0
401,2,859.63,0
156,2,362.55,0
116,2,993.3100000000001,0
7,16,3319.71,1
12,11,4426.775,1
140,2,160.35000000000002,0
45,2,159.18,0
646,1,114.10000000000001,0
50,7,1466.44,0
31,3,566.58,0
134,6,1742.24,0
645,1,389.14,0
658,1,246.22,0
2,5,838.64,0
74,3,362.8,0
12,2,927.22,0
570,1,197.07999999999998,0
8,2,453.4,0
300,1,452.25,0
56,3,983.1800000000001,0
14,6,1689.14,0
731,1,362.15000000000003,0
583,1,667.51,0
36,1,389.90000000000003,0
176,1,205.74,0
623,1,175.5,0
22,3,1349.46,0
175,16,3553.73,1
60,1,181.65,0
32,9,2603.34,1
58,9,2131.68,0
14,16,4426.775,1
86,5,1712.43,0
6,2,108.81,0
675,1,165.6,0
357,1,464.05,0
30,9,2148.29,0
128,11,4426.775,1
8,8,1866.49,0
4,6,1764.91,0
23,5,1169.84,0
462,1,287.71000000000004,0
226,2,590.4200000000001,0
14,1,22.41,0
248,1,274.25,0
722,1,264.99,0
631,1,697.94,0
14,6,2850.71,1
77,3,1378.74,0
191,5,718.57,0
261,2,481.25,0
71,1,895.17,0
164,3,1099.22,0
81,6,1885.23,0
386,1,101.16,0
94,4,1402.18,0
575,1,223.35,0
3,16,3203.38,1
683,1,324.25,0
105,1,163.8,0
722,1,415.38,0
199,3,1313.99,0
156,4,447.07,0
70,3,1958.55,0
35,2,498.86,0
552,1,314.65999999999997,0
498,1,532.12,0
565,1,302.28,0
28,1,139.10000000000002,0
1,7,2627.51,1
25,5,590.0699999999999,0
325,2,509.62,0
236,1,232.48000000000002,0
530,4,969.88,0
88,5,2207.14,1
30,1,443.35,0
28,4,803.23,0
210,4,755.78,0
2,16,3336.59,1
226,6,910.34,0
21,6,1383.82,0
92,1,402.84000000000003,0
4,16,4426.775,1
263,1,158.95000000000002,0
2,16,4426.775,1
43,16,4426.775,1
217,2,75.0,0
56,2,775.0,0
11,16,4426.775,1
8,9,3971.53,1
191,16,4426.775,1
81,4,578.57,0
325,1,30.0,0
551,1,174.6,0
71,3,1686.73,0
29,12,1741.45,0
2,5,936.09,0
514,1,270.02,0
218,6,2109.21,0
45,1,259.23,0
9,16,2923.44,1
71,8,3304.7,1
413,1,512.18,0
430,2,320.38,0
6,16,4426.775,1
23,3,401.40999999999997,0
414,3,767.53,0
122,2,712.6700000000001,0
16,1,91.92,0
309,1,325.67,0
86,9,2953.35,1
50,7,1343.29,0
642,1,274.59,0
580,1,267.9,0
88,2,303.15,0
387,1,108.18,0
38,12,4411.76,1
463,6,1203.8300000000002,0
24,7,4257.900000000001,1
172,16,4426.775,1
42,2,321.79,0
139,3,565.36,0
25,3,1157.96,0
498,1,554.7,0
71,2,744.11,0
433,1,251.1,0
672,1,269.37,0
133,6,1427.23,0
365,1,337.2,0
37,3,428.8,0
609,2,581.53,0
2,9,4260.86,1
1,4,239.7,0
29,1,170.67,0
577,2,688.63,0
43,6,1608.81,0
57,5,1079.55,0
73,2,406.85,0
518,1,119.13999999999999,0
277,2,468.65000000000003,0
180,2,182.24,0
7,2,150.96,0
3,16,2703.0,1
431,1,374.03,0
660,1,229.55,0
476,2,1162.69,0
42,7,3399.8,1
